Store,Dept,Type,Sales_mean
1,1,A,22513.322937062938
1,2,A,46102.09041958042
1,3,A,13150.478041958042
1,4,A,36964.154475524476
1,5,A,24257.94111888112
1,6,A,4801.7801398601405
1,7,A,24566.487412587412
1,8,A,35718.25762237762
1,9,A,28062.05223776224
1,10,A,31033.386363636364
1,11,A,24919.270629370632
1,12,A,10566.545314685314
1,13,A,38692.88048951049
1,14,A,15268.550909090907
1,16,A,24151.06132867133
1,17,A,9196.557902097902
1,18,A,7765.304424778761
1,19,A,1259.0185314685314
1,20,A,4091.5715384615382
1,21,A,7808.450559440559
1,22,A,8052.076153846153
1,23,A,21623.184685314685
1,24,A,6187.38972027972
1,25,A,10152.336783216782
1,26,A,6767.9972727272725
1,27,A,1374.6496503496503
1,28,A,593.113986013986
1,29,A,4651.04020979021
1,30,A,3415.295034965035
1,31,A,2408.533286713287
1,32,A,8202.668391608393
1,33,A,5946.431188811189
1,34,A,11530.831678321678
1,35,A,2535.7309090909093
1,36,A,1476.2035664335663
1,37,A,2800.4951048951048
1,38,A,79978.22258741259
1,40,A,58510.40916083916
1,41,A,1064.7696503496504
1,42,A,7940.326223776223
1,44,A,4872.724405594406
1,45,A,23.995070422535214
1,46,A,19662.98986013986
1,47,A,-116.45454545454545
1,48,A,917.72792
1,49,A,11437.931258741259
1,51,A,32.71272727272727
1,52,A,2355.439370629371
1,54,A,90.92105263157895
1,55,A,12817.843356643358
1,56,A,4000.4806293706292
1,58,A,3372.4744755244756
1,59,A,857.7751048951048
1,60,A,1020.9958041958041
1,67,A,7436.017342657343
1,71,A,2732.4733566433565
1,72,A,47390.644895104895
1,74,A,11652.827412587412
1,77,A,677.0
1,78,A,11.5
1,79,A,33974.792937062935
1,80,A,17139.314615384617
1,81,A,29780.696573426576
1,82,A,20727.86090909091
1,83,A,5704.0489510489515
1,85,A,3685.8755244755243
1,87,A,46006.2772027972
1,90,A,82427.54783216784
1,91,A,64238.94342657343
1,92,A,135458.96951048952
1,93,A,71699.18237762238
1,94,A,63180.568181818184
1,95,A,120772.06216783218
1,96,A,33251.831639344266
1,97,A,35207.34881118881
1,98,A,11827.770769230769
1,99,A,306.0910810810811
2,1,A,30777.98076923077
2,2,A,65912.92251748251
2,3,A,17476.563356643357
2,4,A,45607.66657342658
2,5,A,30555.315314685315
2,6,A,6808.382517482517
2,7,A,40477.83706293706
2,8,A,58707.36944055944
2,9,A,34375.864475524475
2,10,A,38845.85447552448
2,11,A,23382.686153846156
2,12,A,7735.9462937062945
2,13,A,46117.95923076923
2,14,A,21314.132937062936
2,16,A,27005.17965034965
2,17,A,13790.854195804195
2,18,A,11687.563008849558
2,19,A,4053.43993006993
2,20,A,5748.619440559441
2,21,A,9910.939860139859
2,22,A,12923.013846153846
2,23,A,29170.616573426574
2,24,A,8309.564545454545
2,25,A,15299.508391608393
2,26,A,9347.725104895104
2,27,A,1837.9546153846154
2,28,A,798.9132167832167
2,29,A,7111.482657342657
2,30,A,4981.155384615385
2,31,A,3884.756993006993
2,32,A,11755.096713286714
2,33,A,7488.096993006994
2,34,A,17595.203496503498
2,35,A,3875.588601398602
2,36,A,2631.7505594405598
2,37,A,4500.250769230769
2,38,A,85114.996013986
2,39,A,2.34
2,40,A,78174.5602097902
2,41,A,2592.2207692307693
2,42,A,8768.857692307693
2,44,A,7245.5411888111885
2,45,A,29.139848484848486
2,46,A,29675.324545454547
2,47,A,18.068181818181817
2,48,A,1358.3479136690646
2,49,A,15568.465664335663
2,51,A,16.226666666666667
2,52,A,4148.373566433566
2,54,A,104.50286764705882
2,55,A,13060.297692307693
2,56,A,5545.122307692308
2,58,A,21610.019090909092
2,59,A,1391.5205594405595
2,60,A,221.54594594594593
2,67,A,12125.255594405595
2,71,A,4634.6093706293705
2,72,A,72929.49664335664
2,74,A,16986.406013986016
2,77,A,817.5
2,78,A,11.764
2,79,A,32759.096993006995
2,80,A,26041.273566433567
2,81,A,31000.484265734267
2,82,A,24647.232587412585
2,83,A,5710.719650349651
2,85,A,3672.0427972027974
2,87,A,24932.985804195807
2,90,A,97611.53713286713
2,91,A,80610.38034965035
2,92,A,164840.230979021
2,93,A,70581.97706293706
2,94,A,70018.67251748251
2,95,A,143588.75188811187
2,96,A,34319.06384615385
2,97,A,40697.20405594406
2,98,A,14035.40083916084
2,99,A,475.8969047619047
3,1,B,7328.621048951049
3,2,B,16841.775664335662
3,3,B,5509.300769230769
3,4,B,8434.186503496503
3,5,B,11695.366573426572
3,6,B,2012.4118181818183
3,7,B,10044.341608391609
3,8,B,8310.254195804197
3,9,B,9062.007692307692
3,10,B,10871.944125874126
3,11,B,8774.928041958041
3,12,B,2383.603006993007
3,13,B,11363.06167832168
3,14,B,4626.649020979022
3,16,B,7871.568321678322
3,17,B,2634.1996503496503
3,18,B,2960.677739130435
3,19,B,731.3131468531468
3,20,B,1682.1992307692308
3,21,B,1244.5296503496502
3,22,B,3101.76986013986
3,23,B,10913.330069930069
3,24,B,2763.627342657343
3,25,B,4260.447972027972
3,26,B,2850.050839160839
3,27,B,500.19363636363636
3,28,B,166.87006993006992
3,29,B,1517.404055944056
3,30,B,1243.926993006993
3,31,B,878.4754545454546
3,32,B,4296.111048951049
3,33,B,3228.155104895105
3,34,B,4579.71916083916
3,35,B,1439.3255244755244
3,36,B,622.6893706293706
3,38,B,108598.36412587413
3,40,B,18203.10825174825
3,41,B,646.832027972028
3,42,B,4422.944405594406
3,44,B,2133.657762237762
3,45,B,9.922500000000001
3,46,B,6179.259510489511
3,47,B,38.875
3,49,B,17.581481481481482
3,51,B,5.411803278688525
3,52,B,961.3902097902097
3,54,B,58.3112389380531
3,55,B,7153.737902097902
3,56,B,1606.8088811188811
3,59,B,244.87845528455284
3,60,B,138.12587412587413
3,67,B,2021.4826573426574
3,71,B,1101.6100000000001
3,72,B,22796.856573426576
3,74,B,3374.9607692307695
3,77,B,424.0
3,78,B,6.0
3,79,B,7230.372447552448
3,80,B,24.420476190476194
3,81,B,1429.3000699300699
3,82,B,6746.578391608391
3,83,B,19.33
3,85,B,874.1281818181818
3,87,B,939.4354545454545
3,90,B,1540.0491608391608
3,91,B,318.68559440559443
3,92,B,7568.28020979021
3,94,B,656.2944444444445
3,95,B,15745.528251748252
3,96,B,3934.54
3,97,B,343.43735714285714
3,98,B,30.570833333333333
4,1,A,36979.94006993007
4,2,A,93639.31538461539
4,3,A,19012.49167832168
4,4,A,56603.40013986014
4,5,A,45668.406783216786
4,6,A,8241.777692307693
4,7,A,50728.1513986014
4,8,A,62949.72377622378
4,9,A,34437.17097902098
4,10,A,37269.66741258741
4,11,A,27145.836643356644
4,12,A,8141.9109790209795
4,13,A,69596.44734265735
4,14,A,28567.509440559443
4,16,A,21270.153006993005
4,17,A,15815.878041958042
4,18,A,13146.54379032258
4,19,A,3038.317762237762
4,20,A,8888.302867132868
4,21,A,8865.273146853147
4,22,A,17289.916293706294
4,23,A,46234.012867132864
4,24,A,10875.301188811189
4,25,A,15640.748531468531
4,26,A,18429.75993006993
4,27,A,2579.9061538461538
4,28,A,916.2322377622378
4,29,A,9472.12118881119
4,30,A,7683.686783216783
4,31,A,3813.243986013986
4,32,A,13685.43034965035
4,33,A,12304.056223776224
4,34,A,25142.675384615384
4,35,A,4376.574755244755
4,36,A,3005.231468531468
4,37,A,3640.7527272727275
4,38,A,80093.94608391607
4,39,A,1.56
4,40,A,78729.26307692307
4,41,A,975.4176223776224
4,42,A,9511.818531468532
4,44,A,5441.563566433566
4,45,A,13.696938775510203
4,46,A,39128.89615384616
4,47,A,23.536153846153848
4,48,A,2324.6155319148934
4,49,A,6911.676643356644
4,51,A,8.2
4,52,A,3721.521328671329
4,54,A,131.887
4,55,A,18662.6272027972
4,56,A,6040.540839160839
4,58,A,6078.142307692307
4,59,A,1586.4469930069931
4,60,A,410.7951048951049
4,67,A,12471.426713286713
4,71,A,7686.018741258741
4,72,A,101244.45083916084
4,74,A,20627.30776223776
4,77,A,344.57142857142856
4,78,A,5.375
4,79,A,52436.656923076924
4,80,A,19379.101398601397
4,81,A,31055.285314685312
4,82,A,29371.32097902098
4,83,A,9161.217342657343
4,85,A,2730.06
4,87,A,14223.462307692309
4,90,A,89248.96552447553
4,91,A,66535.4072027972
4,92,A,159365.1079020979
4,93,A,67815.16300699301
4,94,A,68159.10657342657
4,95,A,147236.4737062937
4,96,A,38346.57307692308
4,97,A,39339.23895104895
4,98,A,15009.249370629372
4,99,A,623.182380952381
5,1,B,9774.553076923077
5,2,B,12317.953286713288
5,3,B,4101.085174825175
5,4,B,9860.806783216784
5,5,B,6699.202237762238
5,6,B,1191.0576223776222
5,7,B,6124.484335664336
5,8,B,13735.70944055944
5,9,B,7919.805944055944
5,10,B,9783.395384615385
5,11,B,7389.049440559441
5,12,B,2515.3472727272724
5,13,B,11242.656083916085
5,14,B,3697.422377622378
5,16,B,7717.567622377622
5,17,B,2396.7813286713285
5,18,B,2185.893
5,19,B,46.327368421052626
5,20,B,1220.832797202797
5,21,B,1316.4146153846154
5,22,B,2430.053986013986
5,23,B,6141.862727272727
5,24,B,1480.2327972027972
5,25,B,2685.5781818181817
5,26,B,1782.2095104895104
5,27,B,377.28916083916084
5,28,B,203.28237762237762
5,29,B,1343.724895104895
5,30,B,857.1524475524476
5,31,B,655.4497902097903
5,32,B,2450.897622377622
5,33,B,1598.760909090909
5,34,B,3602.7625874125874
5,35,B,1162.082027972028
5,36,B,587.0637062937063
5,38,B,55199.79188811189
5,40,B,19328.994965034963
5,41,B,524.7532167832168
5,42,B,2932.116153846154
5,44,B,1317.444125874126
5,45,B,18.588260869565215
5,46,B,4895.629510489511
5,47,B,38.72727272727273
5,49,B,39.14160714285714
5,51,B,6.68
5,52,B,530.8146853146853
5,54,B,45.917755102040815
5,55,B,3445.1
5,56,B,1220.3167132867134
5,58,B,871.1764705882352
5,59,B,78.25601941747573
5,60,B,236.53146853146853
5,67,B,3036.8645454545454
5,71,B,456.66125874125873
5,72,B,11656.51909090909
5,74,B,3523.767972027972
5,77,B,465.075
5,78,B,6.0
5,79,B,5009.172447552448
5,80,B,6.079999999999999
5,81,B,2615.837132867133
5,82,B,3887.787482517482
5,85,B,935.0770629370629
5,87,B,10089.581818181818
5,90,B,3059.52
5,91,B,1457.2216783216784
5,92,B,7759.205594405594
5,94,B,411.4314864864865
5,95,B,19340.693986013986
5,96,B,5985.671118881119
5,97,B,667.07031496063
5,98,B,29.97608695652174
6,1,A,23867.553776223776
6,2,A,50269.43727272727
6,3,A,16806.63881118881
6,4,A,34187.3665034965
6,5,A,34465.30762237762
6,6,A,7225.566643356644
6,7,A,34526.87041958042
6,8,A,47577.71979020979
6,9,A,48271.060139860136
6,10,A,47436.477902097904
6,11,A,21882.11909090909
6,12,A,6683.218671328671
6,13,A,37746.9313986014
6,14,A,25583.7413986014
6,16,A,28204.007552447554
6,17,A,16296.992447552448
6,18,A,11500.897168141593
6,19,A,2585.304755244755
6,20,A,9299.858601398602
6,21,A,9398.605454545455
6,22,A,18833.15090909091
6,23,A,30538.913776223777
6,24,A,6789.380909090909
6,25,A,13777.691398601399
6,26,A,9098.63937062937
6,27,A,1798.5638461538463
6,28,A,578.5354545454546
6,29,A,6858.093916083916
6,30,A,5020.268181818182
6,31,A,3248.543776223776
6,32,A,11369.82965034965
6,33,A,7213.951468531469
6,34,A,18101.45132867133
6,35,A,3551.4537062937065
6,36,A,3456.0053846153846
6,37,A,3911.7690909090907
6,38,A,78545.19916083917
6,40,A,65833.7272027972
6,41,A,2641.5423776223774
6,42,A,9399.415034965035
6,44,A,7780.472237762238
6,45,A,39.0079104477612
6,46,A,27602.171958041956
6,47,A,-42.02333333333334
6,48,A,1779.8714184397163
6,49,A,12496.313146853146
6,51,A,31.228749999999998
6,52,A,4208.43958041958
6,54,A,156.99078014184397
6,55,A,16407.804475524477
6,56,A,6530.876153846154
6,58,A,2993.474895104895
6,59,A,1016.7490909090909
6,60,A,295.8558241758242
6,67,A,11701.160699300699
6,71,A,5752.100909090909
6,72,A,80187.18111888113
6,74,A,21902.677482517483
6,77,A,625.185
6,78,A,7.555555555555555
6,79,A,24457.038601398603
6,80,A,13724.418181818182
6,81,A,15454.445734265735
6,82,A,20111.96874125874
6,83,A,4031.0139160839162
6,85,A,2682.87965034965
6,87,A,40390.25741258741
6,90,A,53715.36608391608
6,91,A,45270.40517482518
6,92,A,99024.7965034965
6,93,A,41359.65118881119
6,94,A,41701.693496503496
6,95,A,89208.78629370629
6,96,A,30450.542237762238
6,97,A,20637.667062937064
6,98,A,9728.100629370629
6,99,A,388.63675
7,1,B,9542.80125874126
7,2,B,22603.69076923077
7,3,B,8633.536923076923
7,4,B,14950.518601398602
7,5,B,13860.35048951049
7,6,B,6329.928811188811
7,7,B,10925.757062937064
7,8,B,13970.61937062937
7,9,B,29722.736083916083
7,10,B,21136.56027972028
7,11,B,15362.294125874127
7,12,B,5674.272517482517
7,13,B,14916.528391608392
7,14,B,10108.054475524475
7,16,B,13788.44888111888
7,17,B,5568.405384615385
7,18,B,4255.952842105264
7,19,B,468.26461538461535
7,20,B,3127.7785314685316
7,21,B,1885.2651748251747
7,22,B,6814.387692307692
7,23,B,14138.214265734267
7,24,B,2555.7652447552446
7,25,B,5219.990279720279
7,26,B,1948.9158041958044
7,27,B,644.6328671328671
7,28,B,190.66951048951051
7,29,B,1363.6124475524475
7,30,B,1103.170979020979
7,31,B,1799.5592307692307
7,32,B,5376.747902097902
7,33,B,2279.562097902098
7,34,B,4684.3937762237765
7,35,B,403.049020979021
7,36,B,1880.9101398601401
7,38,B,31451.814685314686
7,40,B,31603.352097902094
7,41,B,1606.0044055944056
7,42,B,6485.042307692308
7,44,B,3562.4972027972026
7,45,B,22.821058823529413
7,46,B,14670.128741258743
7,47,B,-9.90625
7,48,B,1385.855421686747
7,49,B,31.35671052631579
7,51,B,35.368205128205126
7,52,B,1303.6146153846155
7,54,B,65.396
7,55,B,6616.540489510489
7,56,B,6417.87902097902
7,58,B,972.6285
7,59,B,81.48948717948718
7,60,B,99.73398601398603
7,67,B,3989.6420979020977
7,71,B,2394.07979020979
7,72,B,45089.824895104895
7,74,B,9714.135314685316
7,77,B,293.25
7,78,B,12.0
7,79,B,5856.907272727272
7,80,B,450.67029629629627
7,81,B,6426.511888111888
7,82,B,9500.961958041958
7,83,B,574.0990714285714
7,85,B,2056.1846853146853
7,87,B,11113.217202797203
7,90,B,13858.405874125874
7,91,B,10263.880000000001
7,92,B,26530.89055944056
7,93,B,1328.1782517482518
7,94,B,699.3325217391305
7,95,B,34208.097272727275
7,96,B,1123.3832167832168
7,97,B,4374.927902097902
7,98,B,260.88659574468085
7,99,B,15.0
8,1,A,14789.827342657343
8,2,A,35729.82174825175
8,3,A,10683.305104895104
8,4,A,21089.3093006993
8,5,A,19838.84923076923
8,6,A,3395.4254545454546
8,7,A,20268.743776223775
8,8,A,26438.524335664337
8,9,A,11792.66167832168
8,10,A,20666.433776223774
8,11,A,18628.06146853147
8,12,A,7132.540769230769
8,13,A,25257.586433566434
8,14,A,10771.757342657344
8,16,A,16500.473776223775
8,17,A,7494.439020979021
8,18,A,6304.3180172413795
8,19,A,1065.8739160839161
8,20,A,3771.235734265734
8,21,A,4685.762377622378
8,22,A,7138.1132867132865
8,23,A,14693.072587412587
8,24,A,4429.390909090909
8,25,A,6801.176503496504
8,26,A,6156.060979020979
8,27,A,923.8206993006992
8,28,A,316.6808391608392
8,29,A,2915.29006993007
8,30,A,2335.2618181818184
8,31,A,1415.6996503496503
8,32,A,5807.735244755245
8,33,A,5115.140979020979
8,34,A,8371.814055944056
8,35,A,1885.4702097902098
8,36,A,989.1644055944057
8,37,A,2248.6220279720283
8,38,A,58609.542937062935
8,40,A,38028.8806993007
8,41,A,1147.069160839161
8,42,A,5284.069160839161
8,44,A,3700.214405594406
8,45,A,6.166428571428571
8,46,A,17933.37125874126
8,47,A,41.958333333333336
8,49,A,2272.3923076923074
8,51,A,17.386666666666667
8,52,A,1945.2155944055946
8,54,A,67.89480314960629
8,55,A,7072.041048951049
8,56,A,5129.931048951049
8,58,A,2025.4351145038167
8,59,A,620.9097202797202
8,60,A,236.34545454545454
8,67,A,5298.26027972028
8,71,A,2299.2993006993006
8,72,A,37373.3693006993
8,74,A,9137.057552447552
8,77,A,333.0
8,78,A,7.228
8,79,A,21138.98622377622
8,80,A,9188.915104895106
8,81,A,12591.407622377623
8,82,A,14826.027482517484
8,83,A,2633.3274825174826
8,85,A,2321.86006993007
8,87,A,20204.175594405595
8,90,A,39333.56615384615
8,91,A,31530.56090909091
8,92,A,60465.63
8,93,A,27515.635314685314
8,94,A,25442.578041958044
8,95,A,62951.46370629371
8,96,A,16.986666666666668
8,97,A,16978.366503496505
8,98,A,6880.466433566433
8,99,A,298.1537142857143
9,1,B,11846.558251748253
9,2,B,24969.477412587414
9,3,B,7497.356783216784
9,4,B,17165.94776223776
9,5,B,19282.746013986016
9,6,B,2806.4163636363637
9,7,B,13826.694335664335
9,8,B,21424.4706993007
9,9,B,13196.56972027972
9,10,B,12810.48034965035
9,11,B,14721.070979020978
9,12,B,6466.066013986015
9,13,B,22133.40062937063
9,14,B,7369.519580419581
9,16,B,12013.562797202798
9,17,B,4951.019090909091
9,18,B,4100.968363636363
9,19,B,1444.7647552447552
9,20,B,2567.934895104895
9,21,B,3614.4887412587414
9,22,B,4941.852587412588
9,23,B,11000.58972027972
9,24,B,2477.753986013986
9,25,B,5204.926433566434
9,26,B,4032.770769230769
9,27,B,703.2374125874126
9,28,B,246.34566433566434
9,29,B,1919.3892307692306
9,30,B,1601.397972027972
9,31,B,1100.412027972028
9,32,B,4458.402797202797
9,33,B,2564.0693006993006
9,34,B,5711.07909090909
9,35,B,1445.7544055944056
9,36,B,800.5064084507043
9,38,B,78211.80265734265
9,40,B,29158.154125874127
9,41,B,1008.2020979020979
9,42,B,3063.9082517482516
9,44,B,3328.3527272727274
9,45,B,14.957647058823529
9,46,B,7773.091468531469
9,47,B,-3.0699999999999994
9,48,B,763.7878787878788
9,49,B,39.09710144927536
9,51,B,4.72
9,52,B,1672.207132867133
9,54,B,57.5238
9,55,B,8607.05048951049
9,56,B,3070.459645390071
9,59,B,214.68418803418803
9,60,B,80.78
9,67,B,3493.406223776224
9,71,B,1389.0862937062936
9,72,B,32268.857132867135
9,74,B,7289.247062937063
9,77,B,477.0
9,78,B,0.0
9,79,B,12208.863916083916
9,80,B,-10.334666666666667
9,81,B,2381.7839160839158
9,82,B,9933.852097902098
9,85,B,876.6294405594405
9,87,B,14689.862937062937
9,90,B,2981.2495104895106
9,91,B,869.2732867132868
9,92,B,14123.063146853146
9,93,B,21.24
9,94,B,599.1125675675676
9,95,B,29575.05076923077
9,96,B,3596.107762237762
9,97,B,372.65555555555557
9,98,B,27.93
10,1,B,39925.13895104895
10,2,B,109795.29146853146
10,3,B,32086.18146853147
10,4,B,48579.82636363636
10,5,B,58373.46027972028
10,6,B,10556.55076923077
10,7,B,58964.715664335665
10,8,B,86739.84664335665
10,9,B,64436.72251748252
10,10,B,48108.0634965035
10,11,B,32911.81538461538
10,12,B,9243.15853146853
10,13,B,62799.06748251749
10,14,B,40044.63776223776
10,16,B,30273.874755244753
10,17,B,27206.583356643358
10,18,B,18255.93380952381
10,19,B,3077.0884615384616
10,20,B,15551.453776223778
10,21,B,9678.942097902098
10,22,B,25618.934125874126
10,23,B,65729.84657342658
10,24,B,15179.222937062936
10,25,B,21141.616293706295
10,26,B,17197.121678321677
10,27,B,4361.426503496504
10,28,B,1327.1272727272728
10,29,B,15703.823426573426
10,30,B,11490.118951048951
10,31,B,6122.35006993007
10,32,B,21571.249510489513
10,33,B,14919.34258741259
10,34,B,43753.47461538461
10,35,B,8592.219090909091
10,36,B,3654.7978321678324
10,37,B,4048.2794405594404
10,38,B,88068.00776223776
10,40,B,99866.58160839161
10,41,B,10875.343566433565
10,42,B,11608.84951048951
10,44,B,8878.497692307692
10,45,B,33.19303797468354
10,46,B,54965.004685314685
10,47,B,-64.69444444444444
10,48,B,2175.0013986013987
10,49,B,19815.52237762238
10,50,B,4257.66027972028
10,51,B,35.02846153846154
10,52,B,5158.843356643357
10,54,B,217.28359712230215
10,55,B,20608.687972027972
10,56,B,1265.8483916083917
10,58,B,4554.738321678321
10,59,B,2006.511118881119
10,60,B,505.59999999999997
10,67,B,13352.773566433567
10,71,B,15768.505524475524
10,72,B,142733.75216783216
10,74,B,41975.974825174824
10,77,B,1590.0
10,78,B,6.0
10,79,B,37787.772097902096
10,80,B,355.171958041958
10,81,B,10607.048111888113
10,82,B,23516.40797202797
10,83,B,279.449020979021
10,85,B,2933.4715384615383
10,87,B,24066.091538461536
10,90,B,14291.86979020979
10,91,B,12703.554405594406
10,92,B,50450.73195804196
10,93,B,1420.4184615384615
10,94,B,393.8331683168317
10,95,B,73344.65468531469
10,96,B,11079.676643356643
10,97,B,5323.506503496504
10,98,B,198.17909090909092
11,1,A,18860.911958041957
11,2,A,57114.326223776225
11,3,A,17628.778671328673
11,4,A,28837.74454545455
11,5,A,36663.363916083916
11,6,A,5925.281678321679
11,7,A,34844.10846153846
11,8,A,34415.44958041958
11,9,A,19056.162167832168
11,10,A,23449.992727272725
11,11,A,18045.04020979021
11,12,A,4293.703496503496
11,13,A,41228.14615384616
11,14,A,24644.51307692308
11,16,A,15371.136433566431
11,17,A,13373.138321678322
11,18,A,11033.074285714287
11,19,A,1435.5870731707316
11,20,A,9634.961958041958
11,21,A,7571.596573426574
11,22,A,15500.204265734266
11,23,A,34322.4834965035
11,24,A,8592.320839160839
11,25,A,11419.655384615384
11,26,A,11332.874685314686
11,27,A,2203.137482517482
11,28,A,912.481958041958
11,29,A,9225.784755244755
11,30,A,6765.267762237762
11,31,A,2947.0454545454545
11,32,A,10765.95909090909
11,33,A,8348.490559440559
11,34,A,22379.14020979021
11,35,A,4222.688881118881
11,36,A,2976.055244755245
11,37,A,3933.2597902097905
11,38,A,73555.42538461539
11,40,A,53640.645104895106
11,41,A,1295.7497202797201
11,42,A,6152.948111888111
11,44,A,5414.242097902098
11,45,A,17.969577464788735
11,46,A,27483.85986013986
11,47,A,0.92
11,48,A,7.5
11,49,A,8122.6477622377615
11,50,A,19.75
11,51,A,14.503333333333334
11,52,A,2558.425804195804
11,54,A,243.77647482014387
11,55,A,12609.361258741259
11,56,A,3346.9165734265734
11,58,A,3298.4962937062937
11,59,A,1057.4063636363635
11,60,A,187.70714285714286
11,67,A,10119.990979020979
11,71,A,9661.256013986014
11,72,A,72246.88888111888
11,74,A,23297.207762237762
11,77,A,339.424
11,78,A,10.833333333333334
11,79,A,31344.327972027975
11,80,A,13446.621538461537
11,81,A,12944.031468531468
11,82,A,22978.825454545455
11,83,A,3327.5896503496506
11,85,A,1925.0432167832166
11,87,A,14801.95202797203
11,90,A,48995.984195804194
11,91,A,42030.3706993007
11,92,A,77392.74160839162
11,93,A,32623.853706293707
11,94,A,37474.038531468526
11,95,A,77487.2790909091
11,96,A,21685.29881118881
11,97,A,16596.197552447553
11,98,A,9570.35146853147
11,99,A,520.938125
12,1,B,17330.08762237762
12,2,B,74494.84622377623
12,3,B,17535.25167832168
12,4,B,26673.78818181818
12,5,B,27756.204615384617
12,6,B,6741.174895104895
12,7,B,34242.44916083916
12,8,B,42229.66503496503
12,9,B,19553.03048951049
12,10,B,17975.211118881118
12,11,B,17789.77699300699
12,12,B,4878.27965034965
12,13,B,46974.984965034964
12,14,B,19719.23965034965
12,16,B,7579.577552447553
12,17,B,11666.80916083916
12,18,B,9893.141315789475
12,19,B,2949.156083916084
12,20,B,6558.721328671329
12,21,B,4225.581188811188
12,22,B,10085.826153846154
12,23,B,38809.980769230766
12,24,B,11182.713076923077
12,25,B,20129.94979020979
12,26,B,13748.23
12,27,B,2017.1763636363635
12,28,B,880.1588811188811
12,29,B,6973.458391608392
12,30,B,5950.70013986014
12,31,B,3510.6525874125873
12,32,B,9506.941888111887
12,33,B,10888.284195804195
12,34,B,23284.51090909091
12,35,B,2952.662307692308
12,36,B,2468.5036363636364
12,38,B,51935.88314685315
12,40,B,48414.82167832168
12,41,B,770.4512587412587
12,42,B,5995.964685314685
12,44,B,6753.6625874125875
12,45,B,27.718170731707314
12,46,B,32805.734195804194
12,47,B,-43.89909090909091
12,49,B,26.183157894736844
12,51,B,13.154
12,52,B,3806.9972027972026
12,54,B,129.7179411764706
12,55,B,14179.372727272728
12,56,B,1000.4153146853146
12,58,B,2580.6601459854014
12,59,B,1250.0244755244755
12,60,B,419.50209790209794
12,67,B,6223.47020979021
12,71,B,7628.997132867134
12,72,B,60536.22223776223
12,74,B,17777.107482517484
12,77,B,217.88
12,78,B,8.090909090909092
12,79,B,43270.33762237762
12,80,B,56.4754609929078
12,81,B,7305.6124475524475
12,82,B,15254.526993006992
12,83,B,208.08601398601397
12,85,B,2284.13979020979
12,87,B,11452.455664335665
12,90,B,11060.175454545455
12,91,B,6779.841468531468
12,92,B,24682.599160839163
12,93,B,562.8972027972028
12,94,B,355.264
12,95,B,43405.85335664336
12,96,B,6.4411764705882355
12,97,B,2394.8947552447553
12,98,B,747.6098601398602
12,99,B,29.88
13,1,A,47020.45545454545
13,2,A,76339.95999999999
13,3,A,26116.623706293707
13,4,A,42563.27545454545
13,5,A,56786.93475524476
13,6,A,7886.826993006993
13,7,A,59896.738601398596
13,8,A,36238.867972027976
13,9,A,41236.445174825174
13,10,A,29431.879230769235
13,11,A,21280.78979020979
13,12,A,7926.647482517483
13,13,A,47698.818181818184
13,14,A,26378.644195804198
13,16,A,22255.4820979021
13,17,A,17713.297902097904
13,18,A,17013.65641025641
13,19,A,3979.954055944056
13,20,A,8781.979230769231
13,21,A,9117.091258741259
13,22,A,16476.987692307695
13,23,A,30216.25874125874
13,24,A,10426.793076923077
13,25,A,15181.84013986014
13,26,A,12958.888391608392
13,27,A,2685.00013986014
13,28,A,1410.3867132867133
13,29,A,6152.025944055944
13,30,A,4520.36055944056
13,31,A,3977.7390909090905
13,32,A,10234.196643356643
13,33,A,10897.80006993007
13,34,A,19201.303636363635
13,35,A,3660.573986013986
13,36,A,2464.866713286713
13,37,A,3510.937272727273
13,38,A,83485.8958041958
13,40,A,77752.30671328671
13,41,A,2757.62958041958
13,42,A,8015.876363636364
13,43,A,1.07
13,44,A,10270.138111888113
13,45,A,22.433516483516485
13,46,A,41422.69055944056
13,47,A,221.294
13,48,A,1321.4335251798561
13,49,A,9206.92944055944
13,50,A,2175.7954545454545
13,51,A,21.39894736842105
13,52,A,4579.38027972028
13,54,A,114.98285714285714
13,55,A,20055.629999999997
13,56,A,6751.401468531469
13,58,A,7501.69125874126
13,59,A,1327.8363636363638
13,60,A,950.9734265734267
13,67,A,16219.265594405595
13,71,A,9723.25020979021
13,72,A,77119.18944055944
13,74,A,29780.093496503498
13,77,A,1272.0
13,78,A,11.35
13,79,A,53337.985174825175
13,80,A,18874.443636363638
13,81,A,33276.243216783216
13,82,A,32619.534055944056
13,83,A,5037.178251748252
13,85,A,4806.598951048951
13,87,A,15365.753356643356
13,90,A,115592.10804195804
13,91,A,81272.99097902098
13,92,A,162034.0993006993
13,93,A,50024.9372027972
13,94,A,75522.8744055944
13,95,A,136844.83405594405
13,96,A,9165.07993006993
13,97,A,27556.75923076923
13,98,A,14980.825384615384
13,99,A,732.6046511627907
14,1,A,30611.78335664336
14,2,A,77704.85797202797
14,3,A,19418.273986013988
14,4,A,52936.32328671329
14,5,A,33468.32503496503
14,6,A,7016.82979020979
14,7,A,53256.150279720285
14,8,A,53425.35986013986
14,9,A,22025.603496503496
14,10,A,20165.667132867133
14,11,A,20359.693076923075
14,12,A,5467.9193006993
14,13,A,60009.83370629371
14,14,A,24775.07797202797
14,16,A,29647.14013986014
14,17,A,23075.393916083918
14,18,A,14279.86368852459
14,19,A,1041.9577622377622
14,20,A,11375.547132867132
14,21,A,8697.367412587413
14,22,A,18677.51307692308
14,23,A,35968.2506993007
14,24,A,9186.777342657342
14,25,A,14231.12853146853
14,26,A,12048.150699300699
14,27,A,2564.0113286713286
14,28,A,1223.8126573426573
14,29,A,9880.402307692308
14,30,A,6691.436433566434
14,31,A,3804.0863636363633
14,32,A,12817.232867132867
14,33,A,9513.732027972028
14,34,A,24504.491538461538
14,35,A,4034.9920279720277
14,36,A,3415.6436363636362
14,38,A,103360.02734265734
14,40,A,72356.46104895105
14,41,A,4054.56986013986
14,42,A,7869.01034965035
14,43,A,0.25
14,44,A,5377.1242657342655
14,45,A,11.741176470588234
14,46,A,32701.435594405593
14,47,A,-7.777916666666666
14,49,A,11864.542657342658
14,50,A,2186.9216783216784
14,51,A,34.00833333333333
14,52,A,2370.137202797203
14,54,A,148.6854887218045
14,55,A,15850.217832167831
14,56,A,5950.53993006993
14,58,A,8157.243916083915
14,59,A,1368.092867132867
14,60,A,371.4053146853147
14,67,A,14631.92013986014
14,71,A,9795.648461538462
14,72,A,94140.83286713286
14,74,A,25990.076923076922
14,77,A,248.25
14,78,A,5.98
14,79,A,37782.09083916084
14,80,A,35638.00020979021
14,81,A,40388.74888111888
14,82,A,26844.946503496503
14,83,A,10933.487902097902
14,85,A,2385.044335664336
14,87,A,17387.930699300698
14,90,A,107174.74398601399
14,91,A,91406.43461538461
14,92,A,182527.95601398603
14,93,A,62088.62293706294
14,94,A,64541.16566433566
14,95,A,144446.93251748252
14,96,A,5.193846153846153
14,97,A,25684.497762237763
14,98,A,17768.013706293706
14,99,A,635.5560465116279
15,1,B,13845.747832167832
15,2,B,26317.41076923077
15,3,B,10470.811958041959
15,4,B,13082.172447552446
15,5,B,16465.706993006992
15,6,B,4244.143776223776
15,7,B,22267.22006993007
15,8,B,20416.96727272727
15,9,B,15954.692937062937
15,10,B,11524.856293706292
15,11,B,14041.217832167831
15,12,B,3658.448111888112
15,13,B,18879.25034965035
15,14,B,12785.902867132867
15,16,B,14527.97944055944
15,17,B,11225.805174825175
15,18,B,6269.619545454546
15,19,B,1117.3504895104895
15,20,B,4452.4345454545455
15,21,B,3068.5462937062935
15,22,B,8515.664685314685
15,23,B,21542.936363636363
15,24,B,4822.264615384615
15,25,B,8952.884335664336
15,26,B,4955.726223776223
15,27,B,1561.3046153846153
15,28,B,695.4651048951049
15,29,B,4687.4109790209795
15,30,B,3397.482097902098
15,31,B,2359.40993006993
15,32,B,5126.108951048951
15,33,B,4277.763986013986
15,34,B,13800.84909090909
15,35,B,2622.7695804195805
15,36,B,1383.587902097902
15,37,B,-2.5
15,38,B,52572.17944055944
15,40,B,30755.28769230769
15,41,B,1183.8807692307694
15,42,B,3544.9918181818184
15,43,B,3.0
15,44,B,3378.7346853146855
15,45,B,11.861600000000001
15,46,B,12364.400699300699
15,47,B,22.9
15,48,B,126.98
15,49,B,9656.48013986014
15,50,B,2262.1727972027975
15,51,B,10.023928571428572
15,52,B,1561.243076923077
15,54,B,53.92260869565218
15,55,B,6675.751468531468
15,56,B,3684.0358041958043
15,58,B,865.858407079646
15,59,B,332.59615384615387
15,60,B,111.42626262626263
15,67,B,6214.881468531469
15,71,B,4327.138811188811
15,72,B,41946.93692307692
15,74,B,13953.432937062937
15,77,B,236.10833333333335
15,78,B,3.090909090909091
15,79,B,8385.031258741259
15,80,B,44.16179856115108
15,81,B,4409.563426573426
15,82,B,10606.899230769232
15,83,B,360.1630769230769
15,85,B,3235.168181818182
15,87,B,9142.630419580419
15,90,B,5345.240419580419
15,91,B,3414.740909090909
15,92,B,18262.376853146856
15,93,B,422.8782517482517
15,94,B,272.90625
15,95,B,27291.017132867135
15,96,B,2784.158881118881
15,97,B,2071.211888111888
15,98,B,273.5048837209302
15,99,B,29.88
16,1,B,11352.479370629371
16,2,B,23549.144965034964
16,3,B,7635.427272727274
16,4,B,14748.078111888111
16,5,B,13494.538671328672
16,6,B,5146.03895104895
16,7,B,11544.310139860141
16,8,B,14676.778321678321
16,9,B,28990.377342657343
16,10,B,12681.776643356643
16,11,B,12037.149090909092
16,12,B,4149.637972027972
16,13,B,15070.387272727272
16,14,B,8656.873216783217
16,16,B,9811.74195804196
16,17,B,7202.8306993007
16,18,B,3521.8804123711343
16,19,B,994.9262237762239
16,20,B,3328.785104895105
16,21,B,3618.622377622378
16,22,B,6302.361048951049
16,23,B,11264.88937062937
16,24,B,2244.0655944055943
16,25,B,4963.603776223776
16,26,B,2004.945104895105
16,27,B,758.2281118881118
16,28,B,287.46657342657346
16,29,B,1634.6602797202797
16,30,B,1330.0030769230768
16,31,B,1164.3668531468531
16,32,B,4561.4392307692315
16,33,B,2188.83986013986
16,34,B,4906.217692307692
16,35,B,593.8198601398602
16,36,B,1824.4811188811188
16,38,B,52078.70090909091
16,40,B,31687.43265734266
16,41,B,1542.9869230769232
16,42,B,3694.4544055944057
16,44,B,3922.6970629370635
16,45,B,18.17727272727273
16,46,B,14231.886293706293
16,47,B,-57.72666666666666
16,48,B,647.275
16,49,B,54.71966666666666
16,51,B,34.23282051282051
16,52,B,1644.2844055944056
16,54,B,69.33504132231405
16,55,B,7090.456153846154
16,56,B,6037.615422535211
16,58,B,638.6818181818181
16,59,B,104.5480341880342
16,60,B,114.59055555555557
16,67,B,3431.07006993007
16,71,B,2223.935944055944
16,72,B,31998.78454545455
16,74,B,9806.358601398602
16,77,B,238.5
16,78,B,0.0
16,79,B,5529.899790209791
16,80,B,309.7843846153846
16,81,B,3822.6206293706296
16,82,B,9439.101328671328
16,83,B,258.7421052631579
16,85,B,2679.624895104895
16,87,B,9171.064545454545
16,90,B,6922.744685314685
16,91,B,3331.204965034965
16,92,B,20446.967832167833
16,93,B,997.0322807017543
16,94,B,673.2809278350516
16,95,B,27385.76923076923
16,96,B,126.93412587412588
16,97,B,2116.6969930069927
16,98,B,42.61857142857143
16,99,B,59.76
17,1,B,22801.60916083916
17,2,B,42231.844405594406
17,3,B,19278.955034965034
17,4,B,23961.357272727273
17,5,B,27082.325594405596
17,6,B,5944.435244755245
17,7,B,19474.77055944056
17,8,B,20110.27083916084
17,9,B,27293.658041958042
17,10,B,14165.0
17,11,B,14527.29048951049
17,12,B,7534.953916083916
17,13,B,24648.89643356643
17,14,B,14118.147412587414
17,16,B,11246.852657342657
17,17,B,10386.823006993007
17,18,B,8111.5075
17,19,B,4495.581048951049
17,20,B,4475.987482517482
17,21,B,4130.295524475525
17,22,B,7668.8867132867135
17,23,B,13680.794055944056
17,24,B,4975.966223776224
17,25,B,5370.106293706293
17,26,B,7752.311748251749
17,27,B,1373.4304195804195
17,28,B,1290.9355944055944
17,29,B,2649.323146853147
17,30,B,2276.462097902098
17,31,B,1923.034265734266
17,32,B,5776.951958041958
17,33,B,5108.334125874126
17,34,B,9295.045174825174
17,35,B,1541.4223776223776
17,36,B,1878.117902097902
17,38,B,77339.77643356643
17,40,B,47372.023006993004
17,41,B,30.56984251968504
17,42,B,3974.562377622378
17,44,B,7535.0325874125865
17,45,B,21.294095238095238
17,46,B,26006.988601398603
17,47,B,15.608571428571427
17,48,B,1294.4752482269505
17,49,B,38.22345679012346
17,51,B,18.565
17,52,B,3552.823216783217
17,54,B,66.39932330827068
17,55,B,10572.84951048951
17,56,B,4245.378671328672
17,58,B,1486.4786428571429
17,59,B,638.8553846153847
17,60,B,371.3076923076923
17,67,B,7757.146223776223
17,71,B,3465.274965034965
17,72,B,52591.132027972024
17,74,B,15300.776993006992
17,77,B,238.5
17,78,B,2.6057142857142854
17,79,B,27208.437622377623
17,80,B,798.6767132867133
17,81,B,12839.772867132868
17,82,B,17173.994685314687
17,83,B,498.3997902097902
17,85,B,4209.212237762237
17,87,B,12189.03797202797
17,90,B,31293.306223776224
17,91,B,12033.678951048953
17,92,B,53043.34874125874
17,93,B,3646.955664335664
17,94,B,855.7822727272727
17,95,B,50614.95846153846
17,96,B,819.4164583333333
17,97,B,7798.283426573426
17,98,B,169.37912
17,99,B,2.29
18,1,B,21988.356223776223
18,2,B,63665.139510489505
18,3,B,16392.98048951049
18,4,B,26775.207202797203
18,5,B,22933.954965034965
18,6,B,5664.913076923077
18,7,B,33152.3472027972
18,8,B,32036.5820979021
18,9,B,18589.37125874126
18,10,B,16754.599860139857
18,11,B,21485.875734265734
18,12,B,3865.5369230769234
18,13,B,42342.91391608392
18,14,B,21977.35251748252
18,16,B,16067.656223776223
18,17,B,15289.54188811189
18,18,B,9246.560317460318
18,19,B,2783.2783916083918
18,20,B,8409.801958041957
18,21,B,5059.748251748252
18,22,B,15759.97895104895
18,23,B,36048.42272727273
18,24,B,8890.141748251748
18,25,B,16470.19223776224
18,26,B,10527.132447552447
18,27,B,2741.878811188811
18,28,B,1241.9954545454545
18,29,B,10271.007622377623
18,30,B,6178.887762237762
18,31,B,3424.756293706294
18,32,B,9269.177692307692
18,33,B,8893.556643356644
18,34,B,20971.56706293706
18,35,B,3873.937272727273
18,36,B,2283.0174125874123
18,38,B,65312.47573426573
18,39,B,28.0
18,40,B,61637.689020979014
18,41,B,706.9873426573427
18,42,B,6802.007902097902
18,44,B,5055.879510489511
18,45,B,21.186571428571426
18,46,B,25474.85846153846
18,47,B,20.176470588235293
18,48,B,10.0
18,49,B,10765.219650349649
18,50,B,937.8382352941177
18,51,B,7.2058536585365855
18,52,B,2950.3684615384614
18,54,B,144.46068181818183
18,55,B,10265.073006993007
18,56,B,5011.655244755244
18,58,B,3844.2268531468526
18,59,B,992.127972027972
18,60,B,163.88971962616824
18,67,B,7935.269790209791
18,71,B,7599.357342657343
18,72,B,62042.98223776223
18,74,B,22229.816503496502
18,77,B,421.0
18,78,B,5.1875
18,79,B,22571.55223776224
18,80,B,373.29
18,81,B,12115.718601398601
18,82,B,15535.521398601399
18,83,B,1404.9475555555557
18,85,B,1749.7123076923076
18,87,B,18423.94986013986
18,90,B,18481.394265734263
18,91,B,14124.482517482518
18,92,B,50079.623636363634
18,93,B,2113.3001470588238
18,94,B,4880.242248062015
18,95,B,57668.25174825175
18,96,B,0.4813333333333334
18,97,B,5350.500431654676
18,98,B,881.1508527131783
18,99,B,12.559999999999999
19,1,A,21504.02916083916
19,2,A,50841.072937062934
19,3,A,18414.224475524476
19,4,A,31365.545314685318
19,5,A,28759.223846153844
19,6,A,5948.962867132866
19,7,A,33882.926853146855
19,8,A,42613.66293706294
19,9,A,30645.018111888112
19,10,A,27622.457762237762
19,11,A,21997.256503496505
19,12,A,6403.788601398602
19,13,A,33957.896223776224
19,14,A,18478.815734265732
19,16,A,28023.60006993007
19,17,A,17137.07909090909
19,18,A,10440.354181818182
19,19,A,-5.21923076923077
19,20,A,6727.757272727273
19,21,A,7112.320489510489
19,22,A,12343.916083916083
19,23,A,28089.81909090909
19,24,A,5768.380979020979
19,25,A,12986.697412587413
19,26,A,7878.555944055944
19,27,A,2385.669020979021
19,28,A,876.8764335664335
19,29,A,5822.995244755244
19,30,A,4690.908321678322
19,31,A,3067.292937062937
19,32,A,7693.104755244755
19,33,A,6206.423006993007
19,34,A,17472.37132867133
19,35,A,3434.005734265734
19,36,A,1972.846853146853
19,37,A,2733.6717482517483
19,38,A,78019.81517482518
19,39,A,15.23111111111111
19,40,A,54198.52713286713
19,41,A,2876.3994405594403
19,42,A,6430.056713286714
19,44,A,5562.715664335664
19,45,A,12.22888888888889
19,46,A,20351.556643356646
19,47,A,23.70958333333333
19,48,A,249.288
19,49,A,5436.057412587413
19,50,A,941.968085106383
19,51,A,30.204545454545453
19,52,A,1653.0834965034965
19,54,A,91.63580152671756
19,55,A,13923.06153846154
19,56,A,5716.974475524476
19,58,A,3062.104895104895
19,59,A,715.4495804195803
19,60,A,532.9888111888112
19,67,A,13792.077062937064
19,71,A,6318.644055944056
19,72,A,72434.48636363637
19,74,A,18657.597832167834
19,77,A,548.75
19,78,A,15.624615384615385
19,79,A,21683.665594405596
19,80,A,21870.02727272727
19,81,A,21678.774825174823
19,82,A,22816.835034965035
19,83,A,4239.971818181818
19,85,A,4915.79993006993
19,87,A,16986.922657342657
19,90,A,67545.40643356643
19,91,A,54692.79741258742
19,92,A,113720.21293706293
19,93,A,37087.93706293706
19,94,A,37643.786433566434
19,95,A,97240.50356643356
19,96,A,15860.814825174826
19,97,A,20370.26972027972
19,98,A,12884.229090909092
19,99,A,440.3748780487805
20,1,A,40545.47321678322
20,2,A,78251.24993006993
20,3,A,15490.97125874126
20,4,A,51456.37664335665
20,5,A,41647.7865034965
20,6,A,8210.745734265734
20,7,A,49394.699230769234
20,8,A,76445.06125874126
20,9,A,38243.62391608392
20,10,A,41826.46755244755
20,11,A,25925.433916083915
20,12,A,7786.979860139861
20,13,A,56580.50426573427
20,14,A,24275.736573426573
20,16,A,27048.00888111888
20,17,A,18464.403846153848
20,18,A,13170.096
20,19,A,162.1589285714286
20,20,A,6992.899720279721
20,21,A,13457.564895104895
20,22,A,13931.855174825176
20,23,A,37655.15832167832
20,24,A,8309.914825174825
20,25,A,17515.605384615385
20,26,A,12804.132587412587
20,27,A,2710.69006993007
20,28,A,954.6915384615386
20,29,A,8946.72076923077
20,30,A,6298.868321678322
20,31,A,3840.956153846154
20,32,A,13728.18034965035
20,33,A,9485.906363636364
20,34,A,22106.9865034965
20,35,A,5834.6069230769235
20,36,A,3393.5525174825175
20,37,A,4006.388111888112
20,38,A,110205.2162937063
20,40,A,86518.83748251748
20,41,A,6177.195384615384
20,42,A,8970.767272727273
20,44,A,8003.207552447552
20,45,A,16.24829268292683
20,46,A,33583.8986013986
20,47,A,-12.619333333333334
20,48,A,1496.297769230769
20,49,A,21402.477272727272
20,50,A,3301.2402097902095
20,51,A,14.652727272727274
20,52,A,3264.065104895105
20,54,A,221.91347517730495
20,55,A,19815.983146853145
20,56,A,5396.582097902098
20,58,A,4185.081619718309
20,59,A,1681.0553846153846
20,60,A,586.6734265734266
20,67,A,17437.547622377624
20,71,A,8415.035384615385
20,72,A,91989.86321678321
20,74,A,22289.12307692308
20,77,A,350.0822222222222
20,78,A,9.666666666666666
20,79,A,38597.25923076923
20,80,A,39870.76741258741
20,81,A,32958.593006993004
20,82,A,30421.473846153844
20,83,A,5624.9494405594405
20,85,A,4993.7762937062935
20,87,A,44301.724265734265
20,90,A,95858.58734265734
20,91,A,78493.19013986013
20,92,A,164633.74153846153
20,93,A,52818.583706293706
20,94,A,63148.33496503497
20,95,A,150613.9553846154
20,96,A,15.266874999999999
20,97,A,25836.06223776224
20,98,A,19284.377342657343
20,99,A,796.1538636363638
21,1,B,14950.049230769231
21,2,B,47780.599160839156
21,3,B,14607.126923076923
21,4,B,19354.728041958042
21,5,B,16090.874545454546
21,6,B,3988.6562937062936
21,7,B,24456.82566433566
21,8,B,18238.05979020979
21,9,B,16387.963636363635
21,10,B,14695.978881118881
21,11,B,13006.376783216783
21,12,B,2793.614125874126
21,13,B,28373.730909090908
21,14,B,15897.316083916085
21,16,B,6308.213146853147
21,17,B,7181.9376923076925
21,18,B,7233.38048076923
21,19,B,2032.323986013986
21,20,B,5405.155244755244
21,21,B,3153.5005594405598
21,22,B,8436.536923076923
21,23,B,36872.78671328671
21,24,B,8738.996643356644
21,25,B,18281.0193006993
21,26,B,10623.598811188811
21,27,B,1647.096923076923
21,28,B,731.4383916083916
21,29,B,5102.697692307693
21,30,B,4638.772587412587
21,31,B,3884.023076923077
21,32,B,7116.295244755244
21,33,B,8190.0560139860145
21,34,B,19044.877902097902
21,35,B,2690.18951048951
21,36,B,2079.5408391608394
21,38,B,40298.334055944055
21,40,B,39586.80993006993
21,41,B,2570.5965734265733
21,42,B,4886.625524475524
21,44,B,4255.040699300699
21,45,B,11.968
21,46,B,19187.062937062936
21,47,B,22.472105263157896
21,48,B,0.0
21,49,B,10646.975664335665
21,50,B,10.0
21,51,B,2.02
21,52,B,2755.241608391608
21,54,B,127.31985507246377
21,55,B,8286.281398601399
21,56,B,1511.944895104895
21,58,B,1319.0004918032787
21,59,B,703.785944055944
21,60,B,205.7699248120301
21,67,B,5126.37083916084
21,71,B,5845.902027972028
21,72,B,42966.006223776225
21,74,B,11570.641048951049
21,77,B,326.0
21,78,B,12.0
21,79,B,22626.552727272727
21,80,B,33.69223529411765
21,81,B,5249.491608391609
21,82,B,15120.754615384616
21,83,B,200.04223776223776
21,85,B,1441.9146153846154
21,87,B,7308.057692307692
21,90,B,10983.598741258742
21,91,B,6735.454125874126
21,92,B,21915.114965034965
21,93,B,663.3841258741259
21,94,B,537.6633333333334
21,95,B,40379.29517482517
21,96,B,2.0
21,97,B,3260.404685314685
21,98,B,111.68067226890756
21,99,B,29.88
22,1,B,21493.27111888112
22,2,B,53361.85188811189
22,3,B,13150.979510489511
22,4,B,32104.132377622376
22,5,B,23187.335104895104
22,6,B,5236.811328671329
22,7,B,29068.621608391608
22,8,B,37236.34769230769
22,9,B,23452.90888111888
22,10,B,19438.354265734266
22,11,B,14951.826783216784
22,12,B,3710.6515384615386
22,13,B,37381.400839160844
22,14,B,17203.4179020979
22,16,B,19672.921538461538
22,17,B,14551.985174825175
22,18,B,10156.836910569105
22,19,B,939.8711904761903
22,20,B,6672.666013986014
22,21,B,5386.000839160839
22,22,B,11814.320909090908
22,23,B,29973.003496503497
22,24,B,8391.796223776224
22,25,B,9725.432727272726
22,26,B,8375.324475524474
22,27,B,2042.6676223776221
22,28,B,894.0106993006993
22,29,B,7864.64027972028
22,30,B,4983.480979020979
22,31,B,2947.23055944056
22,32,B,6281.170979020979
22,33,B,7419.50034965035
22,34,B,21841.058671328672
22,35,B,4243.829300699301
22,36,B,2380.8366433566434
22,38,B,70038.71790209791
22,40,B,54340.60573426574
22,41,B,1299.6132167832168
22,42,B,7634.136363636364
22,44,B,5073.863356643356
22,45,B,28.77530864197531
22,46,B,22168.48993006993
22,47,B,19.26
22,48,B,3.6544444444444446
22,49,B,8.783249999999999
22,51,B,33.348846153846154
22,52,B,1626.951048951049
22,54,B,82.5375
22,55,B,10854.880699300698
22,56,B,4899.722127659575
22,58,B,3042.5840845070425
22,59,B,852.3132167832168
22,60,B,409.99720279720276
22,67,B,12021.64048951049
22,71,B,5264.14958041958
22,72,B,66645.66902097902
22,74,B,18629.50986013986
22,77,B,246.0
22,78,B,8.166666666666666
22,79,B,16913.783146853148
22,80,B,1447.0423076923075
22,81,B,12368.9093006993
22,82,B,18085.210139860137
22,83,B,1535.1181818181817
22,85,B,2936.096083916084
22,87,B,14335.824825174825
22,90,B,21413.41160839161
22,91,B,21405.25062937063
22,92,B,51603.339090909096
22,93,B,2531.6639860139862
22,94,B,857.190894308943
22,95,B,57868.57111888112
22,96,B,6.243
22,97,B,4582.594755244756
22,98,B,177.56057553956833
22,99,B,27.15
23,1,B,33186.46055944056
23,2,B,70522.58013986013
23,3,B,19912.564755244755
23,4,B,27324.303076923075
23,5,B,36895.869020979015
23,6,B,7393.49965034965
23,7,B,43624.067412587414
23,8,B,36710.24090909091
23,9,B,50178.36174825175
23,10,B,31155.170559440558
23,11,B,31371.205174825172
23,12,B,5611.221608391608
23,13,B,37969.25566433566
23,14,B,33355.68125874126
23,16,B,23404.8686013986
23,17,B,27120.621608391608
23,18,B,11716.354180327868
23,19,B,1641.9193006993007
23,20,B,11766.417202797202
23,21,B,9004.245804195803
23,22,B,22195.44020979021
23,23,B,47301.983986013984
23,24,B,10698.334125874126
23,25,B,16160.491748251747
23,26,B,12961.146713286713
23,27,B,3260.9701398601396
23,28,B,1043.9506993006994
23,29,B,11110.54965034965
23,30,B,8216.539020979022
23,31,B,4749.54062937063
23,32,B,11303.89048951049
23,33,B,11289.37888111888
23,34,B,26048.926433566434
23,35,B,5237.248391608392
23,36,B,3722.6211188811185
23,38,B,43869.15671328671
23,40,B,62100.26657342657
23,41,B,2056.5214685314686
23,42,B,11755.600489510489
23,44,B,8527.952587412587
23,45,B,40.03313043478261
23,46,B,36354.623006993
23,47,B,-45.958333333333336
23,48,B,119.31533333333333
23,49,B,25204.69153846154
23,50,B,6875.752447552447
23,51,B,33.64857142857143
23,52,B,3080.0113286713286
23,54,B,238.39797202797206
23,55,B,15810.811258741258
23,56,B,8809.958391608392
23,58,B,2402.0128776978418
23,59,B,1413.6786713286713
23,60,B,113.02197802197803
23,67,B,14421.243986013986
23,71,B,12109.695454545454
23,72,B,76844.02272727272
23,74,B,37033.35671328671
23,77,B,498.0
23,78,B,4.777777777777778
23,79,B,31002.880349650346
23,80,B,970.6767424242424
23,81,B,8803.582377622377
23,82,B,22905.974755244755
23,83,B,976.5041134751772
23,85,B,5104.391188811189
23,87,B,31811.61237762238
23,90,B,20814.992167832166
23,91,B,19604.867692307693
23,92,B,59604.57461538461
23,93,B,2111.610780141844
23,94,B,374.8988043478261
23,95,B,54199.08832167832
23,96,B,13168.146713286713
23,97,B,6149.684755244755
23,98,B,100.58508333333333
23,99,B,29.88
24,1,A,18859.023356643356
24,2,A,40797.1693006993
24,3,A,11825.589020979021
24,4,A,29245.357552447553
24,5,A,29178.058811188814
24,6,A,4911.185804195804
24,7,A,28788.32944055944
24,8,A,49171.84174825175
24,9,A,23246.74832167832
24,10,A,27175.08923076923
24,11,A,17088.58657342657
24,12,A,4230.501818181819
24,13,A,29558.63825174825
24,14,A,17265.87181818182
24,16,A,20444.66818181818
24,17,A,13903.568811188812
24,18,A,6965.927480314961
24,19,A,82.64090909090909
24,20,A,5825.841188811189
24,21,A,6153.428251748252
24,22,A,12189.695244755245
24,23,A,28485.677482517483
24,24,A,6015.021328671329
24,25,A,11885.935804195804
24,26,A,8280.752797202797
24,27,A,1950.7345454545452
24,28,A,679.7056643356643
24,29,A,5705.871748251749
24,30,A,4308.367342657343
24,31,A,2530.608951048951
24,32,A,6998.907342657342
24,33,A,6394.55
24,34,A,16351.96132867133
24,35,A,3081.7272727272725
24,36,A,1940.5183916083915
24,37,A,3036.4712587412587
24,38,A,58689.380139860135
24,40,A,45267.23832167832
24,41,A,1579.1774825174825
24,42,A,5946.428041958042
24,44,A,4817.372237762238
24,45,A,21.12425925925926
24,46,A,15930.056083916084
24,47,A,-26.92142857142857
24,49,A,5294.918741258742
24,50,A,1277.1853146853148
24,51,A,8.75095238095238
24,52,A,1501.941958041958
24,54,A,82.28242647058823
24,55,A,15937.714545454546
24,56,A,4810.956363636364
24,58,A,2454.434347826087
24,59,A,610.2632867132867
24,60,A,102.96576576576577
24,67,A,11250.376783216783
24,71,A,5011.297482517482
24,72,A,58377.36454545455
24,74,A,14541.123356643357
24,77,A,225.83333333333334
24,78,A,3.888888888888889
24,79,A,22440.393916083918
24,80,A,28479.774055944057
24,81,A,24627.877552447553
24,82,A,19401.593286713287
24,83,A,4287.338321678321
24,85,A,1759.8832167832168
24,87,A,25763.40006993007
24,90,A,72650.44286713286
24,91,A,52435.49825174825
24,92,A,121882.07391608391
24,93,A,37876.83685314685
24,94,A,51850.04510489511
24,95,A,93927.9920979021
24,96,A,13623.074615384616
24,97,A,18597.824125874125
24,98,A,9878.97013986014
24,99,A,413.7742105263158
25,1,B,20145.89748251748
25,2,B,36871.31055944056
25,3,B,11788.13097902098
25,4,B,20351.455454545452
25,5,B,12422.996433566434
25,6,B,3760.0450349650355
25,7,B,17971.43958041958
25,8,B,29858.353636363638
25,9,B,14636.113636363636
25,10,B,20202.701468531468
25,11,B,11245.617272727273
25,12,B,3191.893706293706
25,13,B,25436.934335664333
25,14,B,11277.145314685315
25,16,B,16102.8886013986
25,17,B,10380.811888111888
25,18,B,6647.17296
25,19,B,11.605263157894736
25,20,B,3904.7179720279723
25,21,B,5208.073776223777
25,22,B,6499.126083916084
25,23,B,16186.003986013984
25,24,B,3011.05986013986
25,25,B,7118.890769230769
25,26,B,3887.9504895104897
25,27,B,1207.298041958042
25,28,B,597.4613286713287
25,29,B,3583.101048951049
25,30,B,2329.3204195804196
25,31,B,1655.9171328671328
25,32,B,3963.2409090909086
25,33,B,2926.2163636363634
25,34,B,11331.330979020979
25,35,B,2277.4833566433567
25,36,B,1319.5865034965034
25,37,B,2981.9911888111887
25,38,B,44627.650279720285
25,40,B,42220.73426573427
25,41,B,3302.998111888112
25,42,B,5350.679230769231
25,44,B,3972.5792307692304
25,45,B,17.384482758620692
25,46,B,18687.70825174825
25,47,B,26.811176470588236
25,48,B,-21.759999999999998
25,49,B,11311.776433566434
25,50,B,2204.3846153846152
25,51,B,6.970769230769231
25,52,B,1499.6206293706293
25,54,B,47.662990654205615
25,55,B,7071.007272727273
25,56,B,4359.542517482517
25,58,B,709.6521739130435
25,59,B,553.0703496503496
25,60,B,189.77
25,67,B,8719.053636363637
25,71,B,3184.024895104895
25,72,B,38884.31489510489
25,74,B,11868.813286713286
25,77,B,477.0
25,78,B,5.5
25,79,B,8545.165524475524
25,80,B,328.2420143884892
25,81,B,8061.9413986014
25,82,B,10742.568601398601
25,83,B,290.7848951048951
25,85,B,3403.212797202797
25,87,B,6456.661048951049
25,90,B,11932.596503496503
25,91,B,7767.272097902097
25,92,B,38854.4606993007
25,93,B,777.7474825174825
25,94,B,2607.1097540983606
25,95,B,43991.14769230769
25,96,B,-1.27
25,97,B,2706.628251748252
25,98,B,665.9197794117647
26,1,A,19402.762937062937
26,2,A,27398.03097902098
26,3,A,7357.40076923077
26,4,A,24498.113846153843
26,5,A,17589.53258741259
26,6,A,4656.6704895104895
26,7,A,16287.65853146853
26,8,A,28694.95090909091
26,9,A,16556.330769230768
26,10,A,10172.815734265734
26,11,A,12809.284615384615
26,12,A,4525.693636363636
26,13,A,21155.702797202797
26,14,A,10843.478881118881
26,16,A,12557.32034965035
26,17,A,7816.898601398601
26,18,A,3583.714491525424
26,19,A,1283.2493706293706
26,20,A,3474.472237762238
26,21,A,5651.43958041958
26,22,A,6069.362727272727
26,23,A,13208.49923076923
26,24,A,2697.7972727272727
26,25,A,6370.333426573427
26,26,A,3502.9066433566436
26,27,A,961.8448951048952
26,28,A,374.1884615384615
26,29,A,3216.4793706293704
26,30,A,2387.515944055944
26,31,A,1269.01993006993
26,32,A,4162.972657342657
26,33,A,3076.4872727272727
26,34,A,7963.855174825175
26,35,A,1954.9786013986013
26,36,A,1027.9153846153845
26,38,A,103498.2034965035
26,40,A,37448.6720979021
26,41,A,1388.5592307692307
26,42,A,2778.0912587412586
26,44,A,3806.1772027972024
26,45,A,28.551304347826086
26,46,A,9771.878461538463
26,47,A,69.01888888888888
26,48,A,611.3725490196078
26,49,A,3383.052727272727
26,50,A,566.1
26,51,A,24.172121212121215
26,52,A,1697.1446853146854
26,54,A,53.90078125
26,55,A,8998.72979020979
26,56,A,3909.6988111888118
26,59,A,259.71804195804197
26,60,A,102.24222222222221
26,67,A,6660.914125874126
26,71,A,2831.279510489511
26,72,A,42909.5986013986
26,74,A,8579.792797202796
26,77,A,348.75
26,78,A,10.434999999999999
26,79,A,12253.60223776224
26,80,A,19365.780349650347
26,81,A,19192.05643356643
26,82,A,13917.993146853147
26,83,A,2883.004125874126
26,85,A,1871.3519580419581
26,87,A,19821.437622377623
26,90,A,57016.58923076923
26,91,A,39434.281258741255
26,92,A,84988.31181818181
26,93,A,25615.33146853147
26,94,A,42544.202027972024
26,95,A,70236.82762237762
26,96,A,18596.331888111887
26,97,A,14830.084825174825
26,98,A,8025.948601398601
26,99,A,221.95027777777779
27,1,A,30437.976223776222
27,2,A,79001.04916083916
27,3,A,20226.734615384616
27,4,A,43596.933916083915
27,5,A,28059.038251748254
27,6,A,7730.729090909091
27,7,A,43272.914965034965
27,8,A,42181.46958041958
27,9,A,29315.69713286713
27,10,A,36757.327412587416
27,11,A,20785.57909090909
27,12,A,3911.993986013986
27,13,A,52941.78727272727
27,14,A,28918.602867132868
27,16,A,24741.91251748252
27,17,A,18713.578041958044
27,18,A,11320.96109489051
27,19,A,790.6855244755245
27,20,A,11159.393076923077
27,21,A,6867.747972027972
27,22,A,17859.665454545455
27,23,A,37222.15720279721
27,24,A,9648.69916083916
27,25,A,12774.555874125874
27,26,A,12383.764265734266
27,27,A,2114.502377622378
27,28,A,963.9101398601398
27,29,A,7801.956713286713
27,30,A,5028.221048951049
27,31,A,3562.270839160839
27,32,A,8397.365314685314
27,33,A,9801.541748251748
27,34,A,18926.597972027972
27,35,A,3579.2062937062938
27,36,A,2536.471328671329
27,37,A,2566.7814685314684
27,38,A,39725.397762237764
27,39,A,1.98
27,40,A,70061.09125874126
27,41,A,2278.351818181818
27,42,A,10201.29825174825
27,44,A,4936.005804195804
27,45,A,43.34461538461539
27,46,A,38260.78461538462
27,47,A,5.826086956521739
27,49,A,10716.222657342658
27,50,A,2752.7814685314684
27,51,A,5.892307692307692
27,52,A,2255.9050349650347
27,54,A,95.30355072463767
27,55,A,14255.32020979021
27,56,A,5568.830909090909
27,58,A,1538.5384615384614
27,59,A,1200.596993006993
27,60,A,101.84351145038168
27,67,A,12280.209230769231
27,71,A,10846.354265734266
27,72,A,68527.76594405594
27,74,A,27537.11125874126
27,77,A,189.07777777777778
27,78,A,6.75
27,79,A,36864.10958041958
27,80,A,26832.98811188811
27,81,A,29560.686643356647
27,82,A,26075.51636363636
27,83,A,9225.643426573426
27,85,A,4228.461818181819
27,87,A,16603.7513986014
27,90,A,96374.53657342658
27,91,A,66687.09657342658
27,92,A,146518.14139860138
27,93,A,54910.69377622378
27,94,A,69638.93041958043
27,95,A,119519.41090909092
27,96,A,20806.99090909091
27,97,A,21268.805734265734
27,98,A,11524.137832167831
27,99,A,562.98
28,1,A,20180.453986013985
28,2,A,57751.27433566433
28,3,A,12562.223286713286
28,4,A,27980.817202797203
28,5,A,28221.618391608394
28,6,A,5016.258671328671
28,7,A,29228.446923076925
28,8,A,33375.57552447552
28,9,A,17930.71006993007
28,10,A,21083.404825174825
28,11,A,13539.14776223776
28,12,A,3441.027832167832
28,13,A,38297.38657342658
28,14,A,16522.44356643357
28,16,A,7550.626363636364
28,17,A,9821.526153846155
28,18,A,8402.612456140352
28,19,A,1805.8952447552447
28,20,A,5695.885314685314
28,21,A,5153.508391608391
28,22,A,10210.134825174826
28,23,A,31939.141398601398
28,24,A,8328.875804195804
28,25,A,15434.385944055944
28,26,A,10936.965314685314
28,27,A,1525.0202797202796
28,28,A,561.6884615384615
28,29,A,5349.592517482517
28,30,A,3909.7404195804197
28,31,A,2583.945034965035
28,32,A,8619.192307692309
28,33,A,8378.118391608392
28,34,A,17685.60230769231
28,35,A,2675.1846153846154
28,36,A,1802.2460139860138
28,37,A,1981.0533566433567
28,38,A,49179.48552447552
28,40,A,46197.60370629371
28,41,A,1384.8581118881118
28,42,A,6342.158671328671
28,43,A,0.75
28,44,A,4490.995384615384
28,45,A,26.1178125
28,46,A,20424.31853146853
28,47,A,84.146
28,49,A,13234.785524475525
28,51,A,2.364444444444444
28,52,A,2645.526923076923
28,54,A,96.11713178294575
28,55,A,10960.007552447552
28,56,A,727.5941549295775
28,58,A,4806.917132867133
28,59,A,835.3004195804197
28,60,A,665.557972027972
28,67,A,6407.026363636363
28,71,A,6836.11006993007
28,72,A,55202.67909090909
28,74,A,13054.228461538461
28,77,A,463.0
28,78,A,10.08
28,79,A,43467.7248951049
28,80,A,18546.61097902098
28,81,A,22125.112657342655
28,82,A,19119.629650349652
28,83,A,6364.809090909091
28,85,A,1432.9710489510492
28,87,A,12536.787202797203
28,90,A,65285.9520979021
28,91,A,57575.60111888112
28,92,A,98486.96034965036
28,93,A,47923.50867132867
28,94,A,36164.36461538461
28,95,A,96322.11384615384
28,96,A,26288.955734265735
28,97,A,23828.86132867133
28,98,A,10673.133076923077
28,99,A,316.6056097560976
29,1,B,15504.699580419581
29,2,B,25181.662727272727
29,3,B,7995.9558041958035
29,4,B,14326.216223776224
29,5,B,12931.821258741258
29,6,B,3289.884965034965
29,7,B,16854.082237762235
29,8,B,20680.465944055944
29,9,B,11370.866363636364
29,10,B,9400.183076923076
29,11,B,8232.700279720279
29,12,B,2237.276993006993
29,13,B,17953.007552447554
29,14,B,9601.125244755243
29,16,B,7115.321048951049
29,17,B,8000.553216783217
29,18,B,3539.8016071428574
29,19,B,36.90816091954023
29,20,B,3925.716013986014
29,21,B,3755.09020979021
29,22,B,6408.913776223777
29,23,B,19722.253636363635
29,24,B,4440.371538461539
29,25,B,6452.345664335664
29,26,B,4071.8576923076926
29,27,B,1406.5686713286714
29,28,B,651.7749650349651
29,29,B,4577.955804195804
29,30,B,3032.9025174825174
29,31,B,1974.257202797203
29,32,B,4196.283846153846
29,33,B,4058.077972027972
29,34,B,11029.653986013986
29,35,B,2413.3462937062936
29,36,B,1125.3719580419581
29,38,B,42484.14937062937
29,40,B,28640.312377622377
29,41,B,909.9382517482518
29,42,B,3763.450699300699
29,43,B,0.9166666666666666
29,44,B,1984.0671328671326
29,45,B,31.897142857142857
29,46,B,12095.77951048951
29,47,B,15.978333333333333
29,48,B,8.982
29,49,B,43.50333333333334
29,51,B,20.110877192982453
29,52,B,959.3714685314685
29,54,B,42.186454545454545
29,55,B,5803.394405594406
29,56,B,3089.913846153846
29,58,B,1150.6548
29,59,B,329.17006993006993
29,60,B,274.65818181818184
29,67,B,6207.3044755244755
29,71,B,2852.8939860139863
29,72,B,34201.58104895105
29,74,B,8432.304335664336
29,77,B,220.0
29,78,B,0.3333333333333333
29,79,B,8221.684125874126
29,80,B,30.234384615384613
29,81,B,5291.476643356644
29,82,B,9307.916573426573
29,83,B,758.9465734265734
29,85,B,1802.4125174825174
29,87,B,9095.476643356642
29,90,B,10950.327972027972
29,91,B,4691.213216783217
29,92,B,25166.714265734267
29,93,B,1190.882097902098
29,94,B,263.08301204819276
29,95,B,30980.395594405596
29,96,B,11.799999999999999
29,97,B,2131.6767832167834
29,98,B,139.67797101449275
29,99,B,29.88
30,1,C,9788.376643356643
30,2,C,12974.464475524475
30,3,C,739.9818881118881
30,4,C,13216.100909090908
30,5,C,405.56594405594404
30,6,C,27.303937007874016
30,7,C,379.77195804195804
30,8,C,11733.993776223777
30,9,C,76.84535211267607
30,10,C,196.1169230769231
30,11,C,835.3027272727272
30,12,C,72.02370629370628
30,13,C,11386.088111888113
30,14,C,975.0402797202798
30,16,C,1681.6684615384615
30,17,C,153.27783333333335
30,18,C,424.1154651162791
30,19,C,2.38
30,20,C,46.31785714285714
30,21,C,1572.905944055944
30,22,C,56.5225
30,23,C,17.175869565217393
30,24,C,9.06875
30,25,C,43.547642857142854
30,26,C,7.1197297297297295
30,27,C,10.064
30,28,C,89.65293706293707
30,29,C,8.615
30,31,C,67.09210937499999
30,32,C,38.03918032786885
30,33,C,7.25
30,34,C,3.677777777777778
30,38,C,61266.48958041958
30,40,C,23431.05846153846
30,41,C,49.76829268292683
30,42,C,64.55517482517482
30,44,C,5.858823529411764
30,46,C,6429.953986013987
30,49,C,7.317222222222223
30,52,C,19.153380281690144
30,55,C,18.61777777777778
30,56,C,92.23709677419355
30,59,C,91.67818181818181
30,60,C,696.2503496503497
30,67,C,1452.3444055944055
30,72,C,66.88640845070424
30,74,C,274.10545454545456
30,79,C,5857.313916083916
30,80,C,6619.199370629371
30,81,C,11365.228741258741
30,82,C,4564.526643356644
30,83,C,1803.6416083916083
30,85,C,77.29737588652482
30,87,C,321.3325874125874
30,90,C,34622.98622377623
30,91,C,31576.583986013986
30,92,C,53256.041398601395
30,93,C,22409.698391608392
30,94,C,24522.622587412585
30,95,C,45456.508321678324
30,96,C,19163.112027972027
30,97,C,13172.53111888112
30,98,C,3207.0346853146852
30,99,C,-0.6418181818181817
31,1,A,17356.652447552446
31,2,A,58512.13153846154
31,3,A,10616.675944055944
31,4,A,34848.89923076923
31,5,A,18715.63076923077
31,6,A,3489.8094405594406
31,7,A,21012.43853146853
31,8,A,25277.976713286713
31,9,A,10815.516713286712
31,10,A,19911.584405594404
31,11,A,11583.676153846154
31,12,A,2800.221958041958
31,13,A,42661.320629370624
31,14,A,17550.170000000002
31,16,A,8361.894755244755
31,17,A,8043.448671328671
31,18,A,5800.1208
31,19,A,41.5465034965035
31,20,A,6430.436713286713
31,21,A,4636.288601398602
31,22,A,8635.45188811189
31,23,A,20767.686923076923
31,24,A,4491.3569230769235
31,25,A,9346.158391608391
31,26,A,7158.594545454545
31,27,A,1211.6436363636365
31,28,A,605.2558741258741
31,29,A,4374.8726573426575
31,30,A,3127.9227972027975
31,31,A,2309.8772027972027
31,32,A,6118.760069930069
31,33,A,4924.68944055944
31,34,A,14279.747272727274
31,35,A,1900.8715384615384
31,36,A,1459.9595104895104
31,37,A,3032.6483216783217
31,38,A,80572.5283916084
31,40,A,56982.26629370629
31,41,A,1334.491888111888
31,42,A,5371.462377622378
31,44,A,2291.0570629370627
31,45,A,10.521212121212123
31,46,A,25648.204755244755
31,47,A,-20.261333333333333
31,49,A,8670.792657342658
31,51,A,17.722641509433963
31,52,A,725.6053846153845
31,54,A,84.19015267175573
31,55,A,7946.053216783217
31,56,A,1747.5075524475524
31,58,A,3305.775734265734
31,59,A,524.495034965035
31,60,A,252.9212121212121
31,67,A,6633.951258741259
31,71,A,5743.170909090909
31,72,A,45999.66146853147
31,74,A,15344.295734265734
31,77,A,192.33333333333334
31,78,A,0.8742857142857142
31,79,A,36201.9386013986
31,80,A,19019.9479020979
31,81,A,25303.36188811189
31,82,A,18063.452097902096
31,83,A,8511.813076923077
31,85,A,1305.1941958041957
31,87,A,8460.688251748252
31,90,A,86167.2658041958
31,91,A,70232.13356643356
31,92,A,127010.1186013986
31,93,A,57876.20566433566
31,94,A,68732.14181818182
31,95,A,106696.01923076923
31,96,A,30335.294265734265
31,97,A,31144.97811188811
31,98,A,10101.886713286714
31,99,A,218.74220338983054
32,1,A,22852.639510489513
32,2,A,50323.49734265734
32,3,A,15472.54013986014
32,4,A,28137.154965034966
32,5,A,20748.371888111888
32,6,A,4589.748391608392
32,7,A,25375.036993006994
32,8,A,24681.34958041958
32,9,A,20739.684685314685
32,10,A,22887.25748251748
32,11,A,14865.003916083917
32,12,A,3193.5365734265733
32,13,A,30027.923986013986
32,14,A,15590.275734265735
32,16,A,14786.892027972028
32,17,A,11409.636993006994
32,18,A,7540.921694915254
32,19,A,1642.6246853146852
32,20,A,5057.866713286713
32,21,A,5054.996643356643
32,22,A,8995.943916083916
32,23,A,18601.974545454545
32,24,A,4089.416923076923
32,25,A,7758.946153846154
32,26,A,5855.90048951049
32,27,A,1261.8755244755246
32,28,A,659.9951748251748
32,29,A,3253.888881118881
32,30,A,2364.7805594405595
32,31,A,2156.6845454545455
32,32,A,5196.571118881119
32,33,A,3830.254825174825
32,34,A,11422.796993006992
32,35,A,2141.6961538461537
32,36,A,1461.0634265734266
32,37,A,2951.560699300699
32,38,A,61116.86783216783
32,40,A,58275.67286713287
32,41,A,2817.8293706293703
32,42,A,6578.8076223776225
32,44,A,4266.812097902098
32,45,A,16.967848101265822
32,46,A,26530.454825174824
32,47,A,-5.25
32,48,A,4.351111111111111
32,49,A,4663.605594405594
32,51,A,26.955774647887324
32,52,A,2512.9834265734266
32,54,A,80.42759398496241
32,55,A,9195.223496503497
32,56,A,5524.586223776223
32,58,A,2006.4406293706295
32,59,A,656.2739160839161
32,60,A,800.0993006993007
32,67,A,9503.097762237761
32,71,A,5067.614965034965
32,72,A,44351.62895104895
32,74,A,14739.222167832168
32,77,A,447.5
32,78,A,2.1119999999999997
32,79,A,15463.952797202797
32,80,A,16749.993776223775
32,81,A,17124.83811188811
32,82,A,18208.699930069928
32,83,A,3742.8377622377625
32,85,A,2272.82
32,87,A,6909.307202797203
32,90,A,61639.63713286713
32,91,A,48368.75615384615
32,92,A,100122.92902097902
32,93,A,30732.226923076923
32,94,A,48650.04097902098
32,95,A,84695.2341958042
32,96,A,2308.4118181818185
32,97,A,17160.31
32,98,A,7939.262377622378
32,99,A,379.14725
33,1,A,2379.0865734265735
33,2,A,7471.4251048951055
33,3,A,283.95013986013987
33,4,A,6107.616013986014
33,5,A,112.72830985915493
33,6,A,11.996538461538462
33,7,A,392.9128671328671
33,8,A,3679.792167832168
33,9,A,42.788347826086955
33,10,A,80.30118881118881
33,11,A,170.11244755244755
33,12,A,21.053969465648855
33,13,A,6931.686503496504
33,14,A,1018.8675524475524
33,16,A,323.6283916083916
33,17,A,297.0311888111888
33,18,A,308.9543209876543
33,20,A,52.82601449275362
33,21,A,200.8453146853147
33,22,A,35.14811594202898
33,23,A,5.342857142857143
33,24,A,23.9675
33,25,A,34.63395833333333
33,26,A,134.93986013986014
33,27,A,1.0
33,31,A,40.06969696969697
33,32,A,28.796969696969697
33,33,A,20.191499999999998
33,34,A,4.351999999999999
33,35,A,19.0
33,36,A,45.0
33,38,A,13539.82
33,40,A,6243.193916083916
33,41,A,43.04032258064516
33,42,A,55.75223076923077
33,44,A,3.2504545454545455
33,46,A,1953.485804195804
33,49,A,8.0
33,52,A,17.41197674418605
33,55,A,32.76229508196721
33,56,A,123.40307692307692
33,59,A,24.498620689655173
33,60,A,107.26573426573427
33,67,A,645.4054545454545
33,71,A,5.0
33,72,A,10.453333333333333
33,74,A,363.3018181818182
33,79,A,10952.508111888112
33,80,A,8293.086923076922
33,81,A,8913.666083916083
33,82,A,3134.103006993007
33,83,A,2565.923076923077
33,87,A,332.94415492957745
33,90,A,24899.923146853147
33,91,A,9862.862867132866
33,92,A,34227.662867132865
33,93,A,25648.054265734263
33,94,A,29002.624475524473
33,95,A,27022.94916083916
33,96,A,9371.822167832168
33,97,A,5375.769510489511
33,98,A,7340.692167832168
33,99,A,0.022
34,1,A,19947.57307692308
34,2,A,34916.22587412587
34,3,A,8377.376433566435
34,4,A,19791.50902097902
34,5,A,21633.900559440557
34,6,A,3419.062027972028
34,7,A,18055.491608391607
34,8,A,27165.013146853147
34,9,A,17224.253496503497
34,10,A,16957.163566433566
34,11,A,15681.386993006992
34,12,A,5312.239300699301
34,13,A,23518.43986013986
34,14,A,10049.68846153846
34,16,A,16687.234965034964
34,17,A,6743.74986013986
34,18,A,5104.287723577236
34,19,A,29.99074074074074
34,20,A,2977.826013986014
34,21,A,4441.242587412587
34,22,A,6152.8216783216785
34,23,A,13611.645524475525
34,24,A,3032.286713286713
34,25,A,5790.009160839161
34,26,A,4476.318181818182
34,27,A,731.1102097902098
34,28,A,273.55545454545455
34,29,A,2146.3405594405594
34,30,A,1903.1337762237763
34,31,A,959.7367832167831
34,32,A,5010.56972027972
34,33,A,3464.044825174825
34,34,A,8064.623916083916
34,35,A,1693.4543356643358
34,36,A,883.7164335664336
34,37,A,2221.7174125874126
34,38,A,48819.291818181824
34,40,A,38458.90993006993
34,41,A,407.49267605633804
34,42,A,4210.795594405595
34,44,A,3303.2736363636363
34,45,A,15.973400000000002
34,46,A,17203.738181818182
34,47,A,-78.91916666666667
34,48,A,1219.9942063492063
34,49,A,3965.9407692307695
34,51,A,27.203382352941176
34,52,A,1243.2427972027972
34,54,A,58.33669642857143
34,55,A,10208.866923076923
34,56,A,3916.4426573426576
34,58,A,1879.2317391304348
34,59,A,501.387062937063
34,60,A,68.41037735849056
34,65,A,45441.70622377622
34,67,A,6732.085734265735
34,71,A,2360.7175524475524
34,72,A,36636.553076923075
34,74,A,7516.448181818182
34,77,A,477.0
34,78,A,3.0
34,79,A,14997.882307692307
34,80,A,11687.922447552446
34,81,A,15840.57958041958
34,82,A,15730.6986013986
34,83,A,2838.023986013986
34,85,A,1882.8304895104895
34,87,A,6067.450629370629
34,90,A,44338.936783216785
34,91,A,34018.102237762236
34,92,A,67782.5209090909
34,93,A,29590.11132867133
34,94,A,37428.096923076926
34,95,A,69245.18797202798
34,96,A,19154.212307692305
34,97,A,17570.57748251748
34,98,A,7775.998181818181
34,99,A,347.1443243243243
35,1,B,17082.647902097902
35,2,B,45578.45622377622
35,3,B,14308.382797202798
35,4,B,19495.63111888112
35,5,B,24858.433706293705
35,6,B,7256.417132867133
35,7,B,30267.58979020979
35,8,B,18416.40167832168
35,9,B,15657.032937062937
35,10,B,14818.443706293707
35,11,B,17897.42188811189
35,12,B,2124.073146853147
35,13,B,33504.49811188811
35,14,B,28741.281678321677
35,16,B,7441.906363636364
35,17,B,17153.866503496505
35,18,B,6476.6137499999995
35,19,B,-9.788
35,20,B,11896.808601398601
35,21,B,3823.951888111888
35,22,B,21541.95293706294
35,23,B,40062.517342657346
35,24,B,11090.52055944056
35,25,B,14760.109650349652
35,26,B,13033.82020979021
35,27,B,1618.0561538461538
35,28,B,740.8525874125874
35,29,B,8768.50062937063
35,30,B,6063.604825174825
35,31,B,4629.956783216783
35,32,B,7872.417272727273
35,33,B,10770.603986013984
35,34,B,25881.45321678322
35,35,B,3282.671048951049
35,36,B,3780.4962937062937
35,38,B,35790.490559440565
35,40,B,36092.428181818184
35,41,B,2074.757762237762
35,42,B,8072.815594405593
35,44,B,1809.1567832167832
35,45,B,4.365
35,46,B,16286.060069930068
35,47,B,-99.08833333333332
35,49,B,0.5175438596491221
35,51,B,22.831294117647058
35,52,B,1616.18006993007
35,54,B,198.64948529411765
35,55,B,11675.244965034964
35,56,B,834.1141911764706
35,58,B,2744.160714285714
35,59,B,830.7785294117647
35,60,B,93.41678321678322
35,67,B,5412.058741258741
35,71,B,12648.171538461538
35,72,B,88331.80888111888
35,74,B,21901.52048951049
35,77,B,99.096
35,78,B,12.6
35,79,B,25282.46146853147
35,80,B,51.006940298507466
35,81,B,7423.777482517482
35,82,B,11032.78783216783
35,83,B,2497.1968531468533
35,85,B,2012.5662937062937
35,87,B,11760.22839160839
35,90,B,12960.45020979021
35,91,B,7919.08013986014
35,92,B,33776.032027972025
35,93,B,1528.4514685314684
35,94,B,200.2704347826087
35,95,B,43286.536993006994
35,96,B,10.788333333333334
35,97,B,3738.2925174825173
35,98,B,68.28483050847457
36,1,A,2239.227412587413
36,2,A,13416.025664335664
36,3,A,381.32426573426574
36,4,A,9873.505104895105
36,5,A,314.75398230088496
36,6,A,26.29157894736842
36,7,A,414.42832167832165
36,8,A,3417.64041958042
36,9,A,102.21173913043478
36,10,A,175.0523076923077
36,11,A,281.67478873239435
36,12,A,35.497984496124026
36,13,A,12176.395314685315
36,14,A,1799.510979020979
36,16,A,624.4677622377623
36,17,A,476.2758041958042
36,18,A,272.56224719101124
36,20,A,64.1663120567376
36,21,A,240.62895104895105
36,22,A,39.17052631578948
36,23,A,10.945555555555556
36,24,A,14.606
36,25,A,19.733125
36,26,A,180.60251748251747
36,29,A,4.0
36,31,A,74.10279069767442
36,32,A,15.09375
36,33,A,-3.1566666666666667
36,34,A,8.424
36,36,A,-30.0
36,38,A,18169.855524475523
36,40,A,10541.56986013986
36,41,A,60.63636363636363
36,42,A,92.58469230769231
36,44,A,4.3237499999999995
36,46,A,2464.3211188811188
36,49,A,5.0
36,52,A,5.280571428571428
36,55,A,128.96190476190478
36,56,A,202.8576923076923
36,59,A,28.774666666666665
36,60,A,162.31748251748252
36,67,A,675.9437062937063
36,71,A,-29.0
36,72,A,-27.64636363636364
36,74,A,602.5002797202797
36,79,A,17498.48909090909
36,80,A,20561.60195804196
36,81,A,12266.726013986014
36,82,A,4846.001818181819
36,83,A,3425.058321678322
36,85,A,59.42
36,87,A,280.25235294117647
36,90,A,35474.191958041956
36,91,A,11097.875874125873
36,92,A,44539.56447552447
36,93,A,26103.315664335667
36,94,A,47372.15111888112
36,95,A,39735.688741258746
36,96,A,15683.341818181818
36,97,A,6469.273636363637
36,98,A,9009.943776223776
36,99,A,0.02
37,1,C,11024.235874125874
37,2,C,16511.446223776224
37,3,C,1297.8620279720278
37,4,C,17614.013636363637
37,5,C,1137.6311888111888
37,6,C,46.31362962962963
37,7,C,824.9783916083917
37,8,C,16151.397902097902
37,9,C,151.2338028169014
37,10,C,387.6446853146853
37,11,C,1747.1831468531468
37,12,C,182.04825174825177
37,13,C,16734.08811188811
37,14,C,1416.2204895104894
37,16,C,2215.6324475524475
37,17,C,324.2439160839161
37,18,C,580.277380952381
37,20,C,64.42042253521127
37,21,C,1915.6254545454547
37,22,C,85.16483870967743
37,23,C,42.991264367816086
37,24,C,6.342222222222222
37,25,C,67.3448951048951
37,26,C,10.471666666666668
37,27,C,23.26879518072289
37,28,C,139.91545454545454
37,31,C,123.62323943661971
37,32,C,103.30333333333334
37,33,C,4.885555555555555
37,38,C,69388.85447552447
37,40,C,27125.87979020979
37,41,C,5.666666666666667
37,42,C,114.22034965034965
37,44,C,4.442352941176471
37,46,C,8520.157202797203
37,49,C,18.46977777777778
37,52,C,32.24650349650349
37,55,C,6.268888888888889
37,56,C,352.6708620689655
37,59,C,142.40146853146854
37,60,C,755.8867132867133
37,67,C,2402.8269930069932
37,71,C,26.5
37,72,C,213.4532167832168
37,74,C,681.2673426573426
37,79,C,7642.5006993007
37,80,C,10629.770489510489
37,81,C,10698.796713286712
37,82,C,5569.438321678322
37,83,C,2329.6138461538458
37,85,C,127.90496503496503
37,87,C,1020.0672027972029
37,90,C,44144.42811188811
37,91,C,30870.677062937066
37,92,C,59440.577132867125
37,93,C,21599.85104895105
37,94,C,33656.64811188811
37,95,C,51410.551118881114
37,96,C,20375.38076923077
37,97,C,13960.701398601399
37,98,C,5286.761118881119
37,99,C,15.0
38,1,C,6923.538531468532
38,2,C,10986.172657342657
38,3,C,498.70020979020984
38,4,C,10669.501328671327
38,5,C,397.41832167832166
38,6,C,37.01485507246377
38,7,C,413.539020979021
38,8,C,9485.399440559442
38,9,C,77.52034965034964
38,10,C,365.3648951048951
38,11,C,752.8816783216784
38,12,C,63.58370629370629
38,13,C,10033.864755244755
38,14,C,997.0984615384615
38,16,C,849.8799300699301
38,17,C,424.5595804195804
38,18,C,359.1984615384616
38,20,C,54.377558139534884
38,21,C,1054.0391608391608
38,22,C,54.12916666666667
38,23,C,37.848679245283016
38,24,C,8.803870967741936
38,25,C,52.630699300699305
38,26,C,7.574528301886792
38,27,C,12.048
38,28,C,91.476993006993
38,29,C,14.739166666666668
38,31,C,31.459915966386554
38,32,C,42.52646153846153
38,33,C,6.54875
38,34,C,12.672857142857143
38,35,C,7.0
38,38,C,54955.784335664335
38,40,C,16473.388041958042
38,42,C,99.81503496503495
38,44,C,6.146851851851852
38,46,C,4948.93937062937
38,49,C,10.118
38,52,C,21.39958041958042
38,55,C,9.412500000000001
38,56,C,111.74217391304347
38,59,C,67.256
38,60,C,395.9118881118881
38,67,C,791.9227972027973
38,72,C,170.98223776223776
38,74,C,393.06629370629366
38,79,C,8630.96216783217
38,80,C,11158.941398601399
38,81,C,10260.830699300699
38,82,C,5551.165244755245
38,83,C,2392.0420979020982
38,85,C,80.16135714285714
38,87,C,582.2507692307693
38,90,C,34765.57678321678
38,91,C,25404.86041958042
38,92,C,45314.43482517482
38,93,C,18868.91909090909
38,94,C,21331.41125874126
38,95,C,41793.64902097902
38,96,C,11981.676643356643
38,97,C,9902.368181818181
38,98,C,4783.086713286713
38,99,C,25.0
39,1,A,21925.021188811188
39,2,A,67338.42937062937
39,3,A,20569.70160839161
39,4,A,44807.51510489511
39,5,A,24043.436783216785
39,6,A,4911.540419580419
39,7,A,40020.49286713287
39,8,A,36130.64160839161
39,9,A,19396.117692307693
39,10,A,14919.373916083918
39,11,A,20428.26230769231
39,12,A,4621.15986013986
39,13,A,54991.42342657343
39,14,A,21125.77832167832
39,16,A,26691.769160839158
39,17,A,11699.538951048951
39,18,A,11333.330583941606
39,19,A,-3.2381818181818183
39,20,A,7874.601678321678
39,21,A,7177.074685314686
39,22,A,13013.560139860141
39,23,A,18550.752517482517
39,24,A,6470.795384615384
39,25,A,7243.153006993007
39,26,A,9406.726783216784
39,27,A,1424.3611188811187
39,28,A,622.2608391608392
39,29,A,5678.498111888111
39,30,A,3799.6882517482522
39,31,A,2337.0743356643356
39,32,A,5976.223006993007
39,33,A,6923.695454545455
39,34,A,16354.447272727273
39,35,A,2057.284055944056
39,36,A,2032.1955944055942
39,38,A,43195.578321678324
39,40,A,59145.962447552454
39,41,A,1321.4991608391608
39,42,A,3576.484475524476
39,44,A,4434.812167832168
39,45,A,18.438676470588234
39,46,A,34122.18223776224
39,47,A,2.3600000000000003
39,49,A,7623.4180419580425
39,51,A,16.19605633802817
39,52,A,1901.061958041958
39,54,A,94.65925373134328
39,55,A,11598.1986013986
39,56,A,3781.564195804196
39,58,A,2479.951258741259
39,59,A,722.352097902098
39,60,A,405.140243902439
39,67,A,11633.406573426573
39,71,A,6469.893286713286
39,72,A,54929.07853146853
39,74,A,22014.285244755247
39,77,A,135.964
39,78,A,12.0
39,79,A,39430.359160839165
39,80,A,11972.877062937063
39,81,A,19245.24965034965
39,82,A,22436.572727272727
39,83,A,5738.832517482518
39,85,A,1710.142027972028
39,87,A,6762.436993006993
39,90,A,78649.53468531468
39,91,A,60386.28601398601
39,92,A,110126.20958041959
39,93,A,39684.509999999995
39,94,A,59830.190279720286
39,95,A,103036.75713286713
39,96,A,27089.1586013986
39,97,A,23993.406853146855
39,98,A,9767.295734265734
39,99,A,334.869756097561
40,1,A,18794.57881118881
40,2,A,26702.705174825172
40,3,A,6489.030349650349
40,4,A,24386.75055944056
40,5,A,17689.671678321676
40,6,A,4003.068601398601
40,7,A,18898.214335664336
40,8,A,33971.53223776224
40,9,A,19065.436293706294
40,10,A,19612.6293006993
40,11,A,12807.144685314684
40,12,A,4403.534615384615
40,13,A,21550.356923076924
40,14,A,12348.471398601398
40,16,A,13322.372027972027
40,17,A,7652.32076923077
40,18,A,4509.372118644068
40,19,A,-5.0
40,20,A,3526.3219580419577
40,21,A,6585.782937062937
40,22,A,6454.6516083916085
40,23,A,14064.668461538462
40,24,A,2954.521818181818
40,25,A,6704.41034965035
40,26,A,4318.451328671329
40,27,A,1006.653076923077
40,28,A,324.23454545454547
40,29,A,3270.596853146853
40,30,A,2635.7896503496504
40,31,A,1319.277062937063
40,32,A,4532.5034965034965
40,33,A,3106.724125874126
40,34,A,7590.31951048951
40,35,A,2060.226013986014
40,36,A,828.5864335664336
40,37,A,1957.9645454545455
40,38,A,36229.27580419581
40,40,A,33370.94531468531
40,41,A,280.90783216783217
40,42,A,4607.1327972027975
40,44,A,3247.999230769231
40,45,A,18.241607142857145
40,46,A,9412.404195804196
40,47,A,-17.254285714285714
40,48,A,752.3924409448819
40,49,A,43.962112676056336
40,51,A,22.127254901960786
40,52,A,942.737972027972
40,54,A,96.27293233082706
40,55,A,9000.258741258742
40,56,A,3787.050769230769
40,58,A,3107.429906542056
40,59,A,274.0524475524476
40,60,A,122.58538461538461
40,67,A,7014.41
40,71,A,2330.9555244755247
40,72,A,39443.06258741259
40,74,A,9822.268181818183
40,77,A,363.0
40,78,A,7.5
40,79,A,13128.156153846154
40,80,A,16461.2127972028
40,81,A,19893.8586013986
40,82,A,13581.162027972028
40,83,A,3370.2325174825173
40,85,A,1981.23979020979
40,87,A,20070.12895104895
40,90,A,61258.202867132866
40,91,A,43256.15685314685
40,92,A,96475.7532867133
40,93,A,27532.751188811188
40,94,A,38210.9006993007
40,95,A,66572.88125874125
40,96,A,15309.077972027972
40,97,A,17131.033496503496
40,98,A,8178.3710489510495
40,99,A,167.37416666666667
41,1,A,23205.25993006993
41,2,A,48349.82895104895
41,3,A,17021.833356643358
41,4,A,30538.574895104895
41,5,A,25513.943776223776
41,6,A,5267.832097902098
41,7,A,33711.10573426574
41,8,A,33729.08167832168
41,9,A,32743.470139860143
41,10,A,15194.223706293707
41,11,A,13605.678461538462
41,12,A,4273.264965034965
41,13,A,32562.995804195805
41,14,A,17161.987552447554
41,16,A,18588.113776223778
41,17,A,12054.236363636364
41,18,A,9113.079449541285
41,19,A,1163.5053086419753
41,20,A,5546.318881118881
41,21,A,5066.603636363636
41,22,A,10331.84132867133
41,23,A,18920.311398601396
41,24,A,5172.027342657343
41,25,A,7374.3093006993
41,26,A,6488.948461538462
41,27,A,1373.244965034965
41,28,A,463.2713286713287
41,29,A,4197.46104895105
41,30,A,2790.0158041958043
41,31,A,2066.554965034965
41,32,A,5361.930909090909
41,33,A,5735.627762237762
41,34,A,12943.632587412587
41,35,A,2225.103216783217
41,36,A,1617.6190909090908
41,37,A,3.0
41,38,A,46406.42657342657
41,40,A,54458.21951048951
41,41,A,1938.8081818181818
41,42,A,5091.624965034965
41,44,A,4615.455524475525
41,45,A,24.919411764705885
41,46,A,28213.117832167834
41,47,A,20.863478260869567
41,48,A,1307.9081395348837
41,49,A,5887.886853146852
41,51,A,16.185526315789474
41,52,A,1964.381888111888
41,54,A,68.28355555555557
41,55,A,10052.520769230769
41,56,A,7643.873566433566
41,58,A,5249.282867132867
41,59,A,795.3574125874126
41,60,A,455.32727272727277
41,67,A,9756.677342657344
41,71,A,5300.854055944056
41,72,A,54877.30244755245
41,74,A,18638.237902097902
41,77,A,231.5
41,78,A,9.0
41,79,A,21840.97951048951
41,80,A,17436.274825174823
41,81,A,19958.047482517482
41,82,A,18788.876293706293
41,83,A,3879.168741258741
41,85,A,2272.1134265734263
41,87,A,10042.527762237762
41,90,A,70852.0218181818
41,91,A,52714.92846153846
41,92,A,115827.66405594406
41,93,A,35415.340000000004
41,94,A,47218.52916083916
41,95,A,88666.46839160839
41,96,A,2883.492237762238
41,97,A,19789.21923076923
41,98,A,9371.531608391608
41,99,A,443.736511627907
42,1,C,10375.14839160839
42,2,C,15976.902447552446
42,3,C,814.4511888111888
42,4,C,14885.264755244754
42,5,C,1052.2967832167833
42,6,C,3.3333333333333335
42,7,C,721.9138461538462
42,8,C,18238.584195804196
42,9,C,135.52405594405593
42,10,C,404.596013986014
42,11,C,939.8380419580419
42,12,C,87.76727272727273
42,13,C,15069.359930069932
42,14,C,1501.0133566433567
42,16,C,1102.6718181818183
42,17,C,518.8323076923077
42,18,C,385.76790476190473
42,20,C,63.398135593220346
42,21,C,1262.8542657342657
42,22,C,111.99249999999999
42,23,C,44.53658823529412
42,24,C,10.955
42,25,C,75.9806993006993
42,26,C,1.2457142857142856
42,27,C,31.292804878048784
42,28,C,57.60846153846154
42,31,C,56.04921875
42,32,C,40.77163120567376
42,33,C,9.5
42,34,C,11.97
42,38,C,38834.04342657343
42,40,C,19788.36853146853
42,41,C,-8.0
42,42,C,172.77727272727273
42,44,C,2.3731999999999998
42,46,C,6050.036363636364
42,49,C,33.41184210526316
42,52,C,33.125734265734266
42,55,C,-7.326666666666667
42,56,C,179.75417910447763
42,59,C,88.98622377622378
42,60,C,335.43356643356645
42,67,C,1236.3556643356642
42,71,C,-58.445
42,72,C,-43.21178571428572
42,74,C,267.0380434782609
42,79,C,13686.231608391608
42,80,C,15307.678321678322
42,81,C,15918.666503496504
42,82,C,7409.55944055944
42,83,C,3708.9916783216786
42,85,C,62.73578571428572
42,87,C,960.774366197183
42,90,C,53384.8979020979
42,91,C,42913.22125874126
42,92,C,83497.77867132866
42,93,C,32852.63230769231
42,94,C,35724.6120979021
42,95,C,61205.27230769231
42,96,C,15183.474195804196
42,97,C,17495.198811188813
42,98,C,6540.721258741259
43,1,C,7549.109020979022
43,2,C,20722.85146853147
43,3,C,999.6488811188811
43,4,C,18227.382167832166
43,5,C,575.4173255813953
43,6,C,37.84324561403509
43,7,C,516.7728671328672
43,8,C,13185.211678321679
43,9,C,147.6941958041958
43,10,C,507.4267132867133
43,11,C,584.8316083916084
43,12,C,89.1360839160839
43,13,C,17852.915174825175
43,14,C,1664.022937062937
43,16,C,2654.8026573426573
43,17,C,623.7377622377622
43,18,C,704.6505208333333
43,20,C,44.114347826086956
43,21,C,1563.513006993007
43,22,C,70.41117647058823
43,23,C,25.812608695652177
43,24,C,2.2350000000000003
43,25,C,71.82223776223776
43,26,C,4.463333333333334
43,27,C,12.443076923076923
43,28,C,87.09525423728813
43,31,C,27.587254901960787
43,32,C,20.476724137931036
43,33,C,2.5
43,38,C,57623.88489510489
43,40,C,18156.535664335664
43,42,C,184.14328671328673
43,44,C,5.314736842105264
43,46,C,7426.636363636364
43,49,C,17.3375
43,52,C,40.221408450704224
43,55,C,-11.88
43,56,C,160.3861
43,59,C,126.47605769230769
43,60,C,481.20640000000003
43,67,C,1238.2937062937062
43,71,C,6.920000000000002
43,72,C,84.3846762589928
43,74,C,650.886083916084
43,79,C,13525.426223776223
43,80,C,17045.276783216785
43,81,C,19464.72300699301
43,82,C,8264.136573426573
43,83,C,4952.252167832168
43,85,C,83.49583333333334
43,87,C,79.42424000000001
43,90,C,63668.8955944056
43,91,C,34808.442167832174
43,92,C,83646.1609090909
43,93,C,36196.69321678321
43,94,C,50769.70832167832
43,95,C,72883.22328671328
43,96,C,25058.36937062937
43,97,C,19349.98993006993
43,98,C,9594.867482517482
43,99,C,26.25
44,1,C,8049.992307692307
44,2,C,9377.273006993008
44,3,C,571.0167132867133
44,4,C,7403.959580419581
44,5,C,960.6704895104896
44,6,C,34.648721804511275
44,7,C,531.0348951048951
44,8,C,4963.966223776224
44,9,C,99.81727272727274
44,10,C,153.79265734265732
44,11,C,608.4946853146854
44,12,C,77.13902097902097
44,13,C,7300.262447552448
44,14,C,730.3114685314684
44,16,C,846.4336363636363
44,17,C,330.3880419580419
44,18,C,430.2572527472528
44,20,C,31.559714285714282
44,21,C,770.1832867132867
44,22,C,63.158181818181816
44,23,C,19.318247422680415
44,24,C,14.097391304347827
44,25,C,34.19188811188811
44,26,C,120.533125
44,27,C,12.55546875
44,28,C,72.64286713286714
44,31,C,12.395555555555555
44,32,C,33.57446969696969
44,33,C,9.03
44,34,C,-9.88
44,38,C,45778.574685314685
44,40,C,15146.96811188811
44,42,C,52.422518518518515
44,44,C,4.743
44,46,C,5871.248181818181
44,49,C,5.416666666666667
44,52,C,25.69846153846154
44,55,C,4.174666666666666
44,56,C,589.0967272727273
44,59,C,92.99575999999999
44,60,C,370.76083916083917
44,67,C,1117.7375524475524
44,71,C,-41.28333333333333
44,72,C,102.7202097902098
44,74,C,430.9837062937063
44,79,C,4496.693286713286
44,80,C,5023.550909090909
44,81,C,7472.975944055945
44,82,C,3882.9426573426576
44,83,C,952.0126573426573
44,85,C,132.4263043478261
44,87,C,218.2209090909091
44,90,C,31182.601818181814
44,91,C,18169.51006993007
44,92,C,39619.56328671329
44,93,C,11029.915734265734
44,94,C,23812.046993006996
44,95,C,31100.18517482518
44,96,C,2834.1395804195804
44,97,C,6636.467412587413
44,98,C,3466.077062937063
44,99,C,3.505
45,1,B,17745.916013986014
45,2,B,35800.91244755245
45,3,B,9508.014965034965
45,4,B,24229.873146853144
45,5,B,16107.063076923077
45,6,B,3554.2226573426574
45,7,B,23757.77153846154
45,8,B,34050.40958041958
45,9,B,15485.885804195803
45,10,B,14245.086993006993
45,11,B,14228.37867132867
45,12,B,3620.2846153846153
45,13,B,27243.504615384616
45,14,B,12476.371608391608
45,16,B,16600.54048951049
45,17,B,10523.128391608392
45,18,B,6340.19569105691
45,19,B,1370.0726573426575
45,20,B,5109.0630769230775
45,21,B,4061.3095804195805
45,22,B,8324.06076923077
45,23,B,22916.69097902098
45,24,B,5463.712867132867
45,25,B,8409.669300699301
45,26,B,7258.836223776223
45,27,B,1328.1967832167834
45,28,B,646.8414685314685
45,29,B,4753.078671328672
45,30,B,3021.6896503496505
45,31,B,2654.7044055944057
45,32,B,4863.574825174825
45,33,B,5181.216783216783
45,34,B,14224.687272727273
45,35,B,2647.2838461538463
45,36,B,1732.512937062937
45,38,B,53242.55552447553
45,40,B,39205.858601398606
45,41,B,2671.42020979021
45,42,B,4447.306363636363
45,44,B,2596.3194405594404
45,45,B,15.093600000000002
45,46,B,14638.547692307693
45,47,B,-88.42
45,49,B,44.7056923076923
45,51,B,4.750909090909091
45,52,B,1466.2651748251749
45,54,B,52.11369369369369
45,55,B,6085.695874125874
45,56,B,3632.1498601398603
45,58,B,1735.1068345323743
45,59,B,600.7863636363636
45,60,B,177.01538461538462
45,67,B,6801.026643356644
45,71,B,4396.411328671328
45,72,B,37466.30839160839
45,74,B,10710.12111888112
45,77,B,190.745
45,78,B,11.0
45,79,B,15245.023146853147
45,80,B,558.6343846153846
45,81,B,14653.096013986014
45,82,B,13430.491398601398
45,83,B,824.5827972027972
45,85,B,2001.3830769230772
45,87,B,6307.075874125874
45,90,B,23674.035244755247
45,91,B,16641.92734265734
45,92,B,48125.897762237764
45,93,B,2728.627132867133
45,94,B,3690.272089552239
45,95,B,52896.16664335664
45,96,B,2.9699999999999998
45,97,B,6466.961888111889
45,98,B,561.2390370370371
