Store,Dept_1,Dept_2,Dept_3,Dept_4,Dept_5,Dept_6,Dept_7,Dept_8,Dept_9,Dept_10,Dept_11,Dept_12,Dept_13,Dept_14,Dept_16,Dept_17,Dept_18,Dept_19,Dept_20,Dept_21,Dept_22,Dept_23,Dept_24,Dept_25,Dept_26,Dept_27,Dept_28,Dept_29,Dept_30,Dept_31,Dept_32,Dept_33,Dept_34,Dept_35,Dept_36,Dept_37,Dept_38,Dept_39,Dept_40,Dept_41,Dept_42,Dept_43,Dept_44,Dept_45,Dept_46,Dept_47,Dept_48,Dept_49,Dept_50,Dept_51,Dept_52,Dept_54,Dept_55,Dept_56,Dept_58,Dept_59,Dept_60,Dept_65,Dept_67,Dept_71,Dept_72,Dept_74,Dept_77,Dept_78,Dept_79,Dept_80,Dept_81,Dept_82,Dept_83,Dept_85,Dept_87,Dept_90,Dept_91,Dept_92,Dept_93,Dept_94,Dept_95,Dept_96,Dept_97,Dept_98,Dept_99
1,22513.322937062934,46102.09041958042,13150.47804195804,36964.15447552448,24257.94111888112,4801.7801398601405,24566.48741258741,35718.25762237762,28062.05223776224,31033.38636363636,24919.270629370632,10566.545314685314,38692.88048951049,15268.55090909091,24151.061328671327,9196.557902097902,7765.304424778761,1259.0185314685316,4091.571538461538,7808.450559440561,8052.076153846155,21623.184685314685,6187.38972027972,10152.336783216784,6767.9972727272725,1374.6496503496503,593.1139860139862,4651.04020979021,3415.295034965035,2408.5332867132865,8202.668391608393,5946.431188811188,11530.831678321678,2535.7309090909093,1476.2035664335665,2800.495104895105,79978.22258741259,,58510.40916083917,1064.7696503496506,7940.326223776222,,4872.724405594406,23.99507042253521,19662.989860139864,-116.45454545454544,917.72792,11437.93125874126,,32.71272727272727,2355.4393706293704,90.92105263157896,12817.843356643358,4000.480629370629,3372.474475524476,857.7751048951048,1020.995804195804,,7436.017342657343,2732.473356643356,47390.644895104895,11652.827412587412,677.0,11.5,33974.792937062935,17139.314615384617,29780.69657342657,20727.860909090912,5704.048951048951,3685.875524475524,46006.2772027972,82427.54783216784,64238.94342657343,135458.96951048952,71699.18237762236,63180.5681818182,120772.06216783218,33251.831639344266,35207.34881118881,11827.770769230769,306.09108108108103
2,30777.98076923077,65912.92251748253,17476.563356643357,45607.66657342658,30555.315314685315,6808.382517482517,40477.83706293706,58707.36944055943,34375.864475524475,38845.85447552447,23382.68615384616,7735.946293706293,46117.95923076923,21314.132937062936,27005.17965034965,13790.854195804195,11687.563008849556,4053.43993006993,5748.6194405594415,9910.93986013986,12923.013846153846,29170.61657342657,8309.564545454545,15299.50839160839,9347.725104895106,1837.9546153846156,798.9132167832167,7111.482657342657,4981.155384615385,3884.756993006993,11755.096713286712,7488.096993006994,17595.203496503498,3875.588601398601,2631.75055944056,4500.250769230769,85114.996013986,2.34,78174.5602097902,2592.220769230769,8768.857692307694,,7245.541188811188,29.13984848484849,29675.32454545454,18.068181818181817,1358.3479136690646,15568.465664335665,,16.226666666666667,4148.373566433566,104.50286764705884,13060.297692307691,5545.122307692308,21610.01909090909,1391.5205594405595,221.545945945946,,12125.255594405591,4634.6093706293705,72929.49664335664,16986.406013986016,817.5,11.764,32759.096993006988,26041.273566433567,31000.484265734267,24647.23258741259,5710.71965034965,3672.042797202797,24932.985804195803,97611.53713286712,80610.38034965035,164840.230979021,70581.97706293706,70018.6725174825,143588.75188811187,34319.06384615384,40697.20405594406,14035.40083916084,475.8969047619047
3,7328.621048951049,16841.775664335666,5509.300769230769,8434.186503496503,11695.366573426572,2012.4118181818185,10044.341608391607,8310.254195804195,9062.007692307692,10871.944125874126,8774.928041958041,2383.603006993007,11363.061678321676,4626.649020979022,7871.56832167832,2634.1996503496507,2960.677739130435,731.3131468531468,1682.1992307692308,1244.5296503496502,3101.76986013986,10913.33006993007,2763.6273426573425,4260.447972027972,2850.050839160839,500.1936363636364,166.87006993006992,1517.4040559440562,1243.926993006993,878.4754545454545,4296.111048951049,3228.1551048951046,4579.719160839161,1439.3255244755244,622.6893706293705,,108598.36412587413,,18203.10825174825,646.832027972028,4422.944405594406,,2133.6577622377617,9.9225,6179.259510489511,38.875,,17.581481481481482,,5.411803278688525,961.3902097902096,58.3112389380531,7153.7379020979015,1606.8088811188811,,244.87845528455284,138.12587412587413,,2021.4826573426571,1101.61,22796.85657342657,3374.960769230769,424.0,6.0,7230.372447552448,24.420476190476197,1429.3000699300696,6746.578391608392,19.33,874.1281818181819,939.4354545454548,1540.0491608391608,318.68559440559443,7568.280209790209,,656.2944444444444,15745.528251748252,3934.54,343.43735714285714,30.57083333333334,
4,36979.94006993007,93639.3153846154,19012.491678321683,56603.40013986013,45668.40678321679,8241.777692307693,50728.1513986014,62949.72377622378,34437.17097902098,37269.66741258741,27145.836643356648,8141.9109790209795,69596.44734265734,28567.509440559443,21270.153006993005,15815.87804195804,13146.54379032258,3038.3177622377625,8888.302867132868,8865.273146853146,17289.916293706294,46234.012867132864,10875.301188811189,15640.748531468533,18429.75993006993,2579.9061538461538,916.2322377622376,9472.12118881119,7683.686783216783,3813.243986013987,13685.43034965035,12304.056223776224,25142.675384615388,4376.574755244755,3005.231468531468,3640.752727272727,80093.94608391607,1.56,78729.26307692307,975.417622377622,9511.81853146853,,5441.563566433567,13.696938775510208,39128.89615384616,23.536153846153848,2324.6155319148934,6911.676643356643,,8.200000000000003,3721.521328671328,131.887,18662.6272027972,6040.540839160839,6078.142307692308,1586.446993006993,410.7951048951049,,12471.426713286715,7686.018741258742,101244.45083916084,20627.30776223776,344.57142857142856,5.375,52436.65692307693,19379.1013986014,31055.285314685312,29371.320979020977,9161.217342657344,2730.0599999999995,14223.462307692307,89248.96552447553,66535.4072027972,159365.1079020979,67815.163006993,68159.10657342656,147236.4737062937,38346.57307692307,39339.23895104895,15009.249370629372,623.1823809523809
5,9774.553076923075,12317.953286713286,4101.085174825175,9860.806783216784,6699.202237762238,1191.0576223776222,6124.484335664336,13735.709440559438,7919.805944055944,9783.395384615384,7389.049440559441,2515.3472727272724,11242.656083916085,3697.422377622378,7717.567622377622,2396.781328671329,2185.893,46.32736842105263,1220.832797202797,1316.4146153846152,2430.0539860139866,6141.862727272727,1480.232797202797,2685.5781818181813,1782.2095104895102,377.2891608391609,203.2823776223776,1343.7248951048948,857.1524475524475,655.4497902097903,2450.897622377622,1598.760909090909,3602.762587412587,1162.0820279720278,587.0637062937062,,55199.79188811188,,19328.994965034966,524.7532167832168,2932.116153846154,,1317.444125874126,18.588260869565215,4895.629510489511,38.72727272727273,,39.14160714285714,,6.68,530.8146853146852,45.917755102040815,3445.0999999999995,1220.3167132867134,871.1764705882352,78.25601941747573,236.53146853146853,,3036.8645454545454,456.66125874125873,11656.51909090909,3523.767972027972,465.075,6.0,5009.172447552447,6.079999999999999,2615.837132867133,3887.787482517482,,935.0770629370628,10089.581818181816,3059.52,1457.2216783216784,7759.205594405594,,411.43148648648656,19340.693986013983,5985.671118881119,667.0703149606302,29.97608695652174,
6,23867.55377622378,50269.43727272728,16806.638811188815,34187.3665034965,34465.30762237762,7225.566643356644,34526.870419580424,47577.7197902098,48271.060139860136,47436.477902097904,21882.11909090909,6683.218671328671,37746.93139860141,25583.7413986014,28204.007552447554,16296.992447552448,11500.897168141591,2585.304755244755,9299.858601398602,9398.605454545455,18833.15090909091,30538.913776223777,6789.380909090909,13777.6913986014,9098.639370629371,1798.563846153846,578.5354545454546,6858.093916083915,5020.268181818182,3248.543776223776,11369.829650349651,7213.951468531469,18101.45132867133,3551.453706293706,3456.0053846153846,3911.769090909092,78545.19916083917,,65833.7272027972,2641.542377622378,9399.415034965035,,7780.472237762238,39.00791044776119,27602.17195804196,-42.02333333333334,1779.8714184397163,12496.313146853148,,31.22875,4208.439580419581,156.99078014184397,16407.804475524477,6530.876153846154,2993.4748951048955,1016.7490909090908,295.8558241758242,,11701.1606993007,5752.100909090909,80187.18111888114,21902.677482517483,625.185,7.555555555555555,24457.038601398606,13724.418181818184,15454.445734265732,20111.96874125874,4031.0139160839176,2682.8796503496505,40390.25741258741,53715.36608391609,45270.40517482518,99024.7965034965,41359.65118881119,41701.6934965035,89208.78629370629,30450.54223776223,20637.667062937064,9728.10062937063,388.63675
7,9542.80125874126,22603.690769230765,8633.536923076925,14950.518601398602,13860.350489510489,6329.928811188811,10925.757062937062,13970.619370629369,29722.736083916083,21136.56027972028,15362.294125874128,5674.272517482518,14916.528391608388,10108.054475524475,13788.44888111888,5568.405384615385,4255.952842105264,468.2646153846154,3127.778531468532,1885.265174825175,6814.387692307692,14138.214265734268,2555.765244755244,5219.99027972028,1948.915804195804,644.6328671328671,190.6695104895105,1363.6124475524475,1103.1709790209788,1799.559230769231,5376.747902097902,2279.562097902098,4684.393776223776,403.049020979021,1880.91013986014,,31451.814685314694,,31603.35209790209,1606.0044055944052,6485.042307692308,,3562.4972027972026,22.821058823529413,14670.128741258744,-9.90625,1385.855421686747,31.35671052631579,,35.36820512820514,1303.6146153846155,65.396,6616.540489510489,6417.879020979021,972.6285,81.48948717948717,99.733986013986,,3989.6420979020977,2394.07979020979,45089.82489510489,9714.135314685316,293.25,12.0,5856.907272727272,450.6702962962962,6426.511888111889,9500.961958041958,574.0990714285715,2056.1846853146853,11113.217202797205,13858.405874125874,10263.88,26530.89055944056,1328.178251748252,699.3325217391306,34208.097272727275,1123.3832167832168,4374.927902097902,260.88659574468085,15.0
8,14789.827342657343,35729.82174825175,10683.305104895104,21089.3093006993,19838.84923076923,3395.425454545454,20268.74377622377,26438.52433566434,11792.66167832168,20666.433776223774,18628.06146853147,7132.540769230768,25257.586433566437,10771.757342657344,16500.473776223775,7494.439020979023,6304.318017241379,1065.8739160839164,3771.235734265734,4685.762377622378,7138.113286713287,14693.07258741259,4429.390909090908,6801.176503496504,6156.060979020979,923.8206993006994,316.6808391608392,2915.29006993007,2335.2618181818184,1415.6996503496505,5807.735244755246,5115.140979020978,8371.814055944056,1885.4702097902095,989.1644055944056,2248.6220279720283,58609.54293706295,,38028.880699300695,1147.0691608391608,5284.06916083916,,3700.214405594405,6.166428571428571,17933.371258741263,41.958333333333336,,2272.3923076923074,,17.386666666666667,1945.2155944055944,67.89480314960628,7072.041048951049,5129.931048951049,2025.4351145038167,620.9097202797202,236.34545454545452,,5298.26027972028,2299.299300699301,37373.36930069929,9137.057552447552,333.0,7.228,21138.986223776225,9188.915104895104,12591.407622377625,14826.027482517484,2633.327482517482,2321.86006993007,20204.1755944056,39333.56615384615,31530.56090909091,60465.63,27515.63531468531,25442.578041958044,62951.46370629371,16.986666666666668,16978.366503496505,6880.466433566434,298.1537142857144
9,11846.558251748253,24969.47741258741,7497.356783216784,17165.947762237764,19282.74601398601,2806.416363636364,13826.694335664337,21424.4706993007,13196.56972027972,12810.48034965035,14721.070979020978,6466.066013986014,22133.400629370622,7369.519580419583,12013.562797202798,4951.019090909091,4100.968363636364,1444.7647552447552,2567.934895104895,3614.488741258741,4941.852587412589,11000.58972027972,2477.7539860139864,5204.926433566434,4032.770769230769,703.2374125874127,246.34566433566428,1919.3892307692304,1601.397972027972,1100.4120279720278,4458.402797202797,2564.069300699301,5711.079090909091,1445.7544055944054,800.5064084507043,,78211.80265734265,,29158.154125874127,1008.202097902098,3063.908251748252,,3328.352727272727,14.957647058823529,7773.091468531469,-3.0699999999999994,763.7878787878788,39.09710144927536,,4.72,1672.207132867133,57.52380000000001,8607.050489510491,3070.4596453900704,,214.68418803418805,80.78,,3493.406223776224,1389.0862937062936,32268.857132867128,7289.247062937061,477.0,0.0,12208.863916083916,-10.334666666666667,2381.783916083916,9933.852097902098,,876.6294405594407,14689.862937062937,2981.24951048951,869.2732867132867,14123.063146853146,21.24,599.1125675675675,29575.05076923077,3596.1077622377616,372.6555555555555,27.93,
10,39925.13895104895,109795.29146853146,32086.18146853147,48579.82636363636,58373.46027972028,10556.550769230767,58964.71566433567,86739.84664335665,64436.72251748252,48108.0634965035,32911.81538461538,9243.15853146853,62799.06748251749,40044.63776223776,30273.874755244757,27206.58335664336,18255.93380952381,3077.088461538461,15551.453776223778,9678.9420979021,25618.93412587413,65729.84657342658,15179.222937062936,21141.61629370629,17197.121678321677,4361.426503496504,1327.1272727272728,15703.823426573426,11490.11895104895,6122.35006993007,21571.249510489517,14919.34258741259,43753.47461538461,8592.219090909091,3654.797832167832,4048.27944055944,88068.00776223776,,99866.5816083916,10875.343566433565,11608.84951048951,,8878.497692307692,33.19303797468353,54965.004685314685,-64.69444444444444,2175.0013986013987,19815.52237762238,4257.66027972028,35.028461538461535,5158.843356643357,217.28359712230213,20608.68797202797,1265.8483916083917,4554.738321678322,2006.5111188811184,505.6000000000001,,13352.773566433569,15768.505524475528,142733.7521678322,41975.97482517482,1590.0,6.0,37787.772097902096,355.171958041958,10607.048111888113,23516.40797202797,279.449020979021,2933.471538461538,24066.09153846154,14291.86979020979,12703.554405594405,50450.73195804196,1420.418461538461,393.8331683168317,73344.65468531469,11079.676643356644,5323.506503496503,198.1790909090909,
11,18860.91195804196,57114.32622377621,17628.77867132867,28837.74454545455,36663.36391608392,5925.281678321677,34844.10846153846,34415.449580419576,19056.16216783217,23449.992727272725,18045.040209790204,4293.703496503497,41228.14615384616,24644.513076923075,15371.136433566431,13373.13832167832,11033.074285714289,1435.587073170732,9634.961958041958,7571.596573426574,15500.204265734266,34322.483496503504,8592.320839160839,11419.655384615382,11332.874685314686,2203.137482517482,912.481958041958,9225.784755244757,6765.267762237762,2947.0454545454545,10765.959090909091,8348.490559440559,22379.14020979021,4222.68888111888,2976.055244755244,3933.2597902097914,73555.42538461537,,53640.6451048951,1295.7497202797203,6152.948111888112,,5414.242097902097,17.96957746478874,27483.85986013986,0.92,7.5,8122.647762237763,19.75,14.503333333333334,2558.425804195804,243.77647482014387,12609.36125874126,3346.916573426573,3298.4962937062937,1057.4063636363635,187.70714285714288,,10119.99097902098,9661.256013986012,72246.8888811189,23297.20776223776,339.424,10.833333333333334,31344.32797202797,13446.621538461535,12944.031468531468,22978.82545454545,3327.58965034965,1925.0432167832168,14801.95202797203,48995.984195804194,42030.3706993007,77392.74160839162,32623.853706293707,37474.03853146853,77487.2790909091,21685.29881118881,16596.197552447553,9570.351468531468,520.938125
12,17330.08762237762,74494.84622377623,17535.251678321678,26673.78818181818,27756.204615384613,6741.174895104894,34242.44916083916,42229.66503496503,19553.030489510493,17975.211118881118,17789.776993006988,4878.279650349649,46974.98496503497,19719.23965034965,7579.577552447551,11666.809160839162,9893.141315789471,2949.1560839160843,6558.721328671328,4225.581188811189,10085.826153846154,38809.980769230766,11182.71307692308,20129.949790209797,13748.23,2017.1763636363637,880.158881118881,6973.458391608392,5950.70013986014,3510.652587412587,9506.941888111887,10888.284195804195,23284.510909090917,2952.6623076923074,2468.5036363636364,,51935.88314685314,,48414.82167832168,770.4512587412588,5995.964685314687,,6753.662587412589,27.71817073170732,32805.734195804194,-43.8990909090909,,26.18315789473684,,13.154,3806.997202797204,129.7179411764706,14179.37272727273,1000.4153146853148,2580.6601459854014,1250.0244755244755,419.5020979020979,,6223.470209790211,7628.997132867134,60536.222237762246,17777.107482517484,217.88,8.090909090909092,43270.33762237762,56.47546099290779,7305.612447552448,15254.526993006995,208.086013986014,2284.13979020979,11452.455664335665,11060.175454545451,6779.841468531468,24682.59916083916,562.8972027972028,355.264,43405.85335664336,6.441176470588236,2394.8947552447557,747.6098601398601,29.88
13,47020.45545454546,76339.96,26116.62370629371,42563.27545454546,56786.93475524476,7886.826993006993,59896.73860139861,36238.86797202797,41236.44517482517,29431.87923076922,21280.789790209798,7926.647482517482,47698.81818181818,26378.6441958042,22255.48209790209,17713.2979020979,17013.65641025641,3979.954055944056,8781.979230769231,9117.09125874126,16476.987692307695,30216.25874125874,10426.79307692308,15181.84013986014,12958.888391608394,2685.00013986014,1410.3867132867133,6152.025944055944,4520.360559440559,3977.7390909090905,10234.196643356643,10897.80006993007,19201.303636363635,3660.573986013986,2464.866713286713,3510.937272727273,83485.8958041958,,77752.30671328671,2757.62958041958,8015.876363636363,1.07,10270.138111888116,22.433516483516485,41422.69055944056,221.294,1321.433525179856,9206.92944055944,2175.7954545454545,21.398947368421048,4579.380279720279,114.98285714285711,20055.63,6751.401468531468,7501.691258741258,1327.8363636363638,950.9734265734268,,16219.265594405597,9723.250209790209,77119.18944055946,29780.09349650349,1272.0,11.35,53337.98517482518,18874.443636363638,33276.24321678321,32619.534055944056,5037.178251748252,4806.598951048951,15365.753356643356,115592.10804195808,81272.99097902098,162034.0993006993,50024.9372027972,75522.8744055944,136844.83405594408,9165.079930069933,27556.75923076923,14980.825384615386,732.6046511627907
14,30611.783356643355,77704.85797202798,19418.273986013988,52936.32328671329,33468.32503496504,7016.829790209789,53256.150279720285,53425.359860139855,22025.6034965035,20165.667132867136,20359.69307692307,5467.9193006993,60009.8337062937,24775.07797202797,29647.14013986014,23075.39391608391,14279.86368852459,1041.9577622377622,11375.547132867132,8697.367412587413,18677.51307692308,35968.2506993007,9186.777342657344,14231.12853146853,12048.1506993007,2564.011328671329,1223.8126573426573,9880.40230769231,6691.436433566435,3804.0863636363633,12817.232867132869,9513.732027972028,24504.491538461534,4034.9920279720286,3415.643636363637,,103360.02734265734,,72356.46104895104,4054.56986013986,7869.01034965035,0.25,5377.1242657342655,11.741176470588233,32701.4355944056,-7.777916666666667,,11864.542657342658,2186.9216783216784,34.00833333333333,2370.137202797204,148.6854887218045,15850.217832167837,5950.53993006993,8157.243916083915,1368.092867132867,371.4053146853147,,14631.92013986014,9795.648461538463,94140.83286713283,25990.07692307692,248.25,5.98,37782.09083916084,35638.0002097902,40388.74888111888,26844.946503496503,10933.487902097902,2385.0443356643354,17387.930699300698,107174.743986014,91406.4346153846,182527.95601398608,62088.62293706294,64541.16566433565,144446.93251748252,5.193846153846153,25684.49776223776,17768.013706293706,635.5560465116279
15,13845.747832167832,26317.41076923077,10470.81195804196,13082.172447552448,16465.706993006992,4244.143776223776,22267.220069930067,20416.967272727277,15954.692937062937,11524.856293706294,14041.217832167831,3658.448111888112,18879.25034965035,12785.902867132869,14527.979440559438,11225.805174825176,6269.619545454546,1117.3504895104895,4452.4345454545455,3068.546293706293,8515.664685314685,21542.936363636367,4822.264615384615,8952.884335664336,4955.726223776223,1561.304615384615,695.465104895105,4687.41097902098,3397.4820979020974,2359.40993006993,5126.108951048952,4277.763986013986,13800.84909090909,2622.769580419581,1383.587902097902,-2.5,52572.17944055944,,30755.28769230769,1183.8807692307694,3544.9918181818184,3.0,3378.734685314685,11.8616,12364.4006993007,22.9,126.98,9656.48013986014,2262.172797202797,10.02392857142857,1561.243076923077,53.92260869565218,6675.751468531468,3684.035804195804,865.858407079646,332.59615384615387,111.42626262626264,,6214.881468531469,4327.138811188812,41946.93692307692,13953.432937062937,236.10833333333332,3.090909090909091,8385.031258741259,44.16179856115108,4409.563426573427,10606.89923076923,360.1630769230769,3235.1681818181823,9142.63041958042,5345.240419580418,3414.740909090909,18262.37685314685,422.8782517482517,272.90625,27291.01713286713,2784.158881118881,2071.2118881118886,273.5048837209302,29.88
16,11352.479370629371,23549.144965034964,7635.427272727272,14748.078111888111,13494.53867132867,5146.038951048951,11544.31013986014,14676.77832167832,28990.37734265734,12681.77664335664,12037.14909090909,4149.637972027972,15070.387272727272,8656.873216783217,9811.74195804196,7202.8306993007,3521.880412371134,994.926223776224,3328.785104895105,3618.622377622378,6302.361048951049,11264.88937062937,2244.065594405594,4963.603776223777,2004.945104895105,758.2281118881118,287.46657342657346,1634.6602797202795,1330.0030769230768,1164.3668531468534,4561.439230769232,2188.83986013986,4906.217692307691,593.8198601398601,1824.4811188811188,,52078.70090909091,,31687.432657342662,1542.9869230769232,3694.4544055944057,,3922.697062937063,18.17727272727273,14231.886293706291,-57.72666666666666,647.275,54.71966666666666,,34.23282051282052,1644.2844055944054,69.33504132231405,7090.456153846154,6037.615422535212,638.6818181818181,104.54803418803417,114.59055555555555,,3431.07006993007,2223.935944055944,31998.784545454542,9806.358601398602,238.5,0.0,5529.89979020979,309.7843846153846,3822.6206293706296,9439.10132867133,258.7421052631579,2679.624895104896,9171.064545454545,6922.744685314685,3331.2049650349654,20446.967832167837,997.0322807017544,673.2809278350517,27385.76923076923,126.93412587412584,2116.696993006993,42.61857142857142,59.76
17,22801.60916083916,42231.844405594406,19278.95503496504,23961.357272727277,27082.3255944056,5944.435244755245,19474.77055944056,20110.270839160843,27293.65804195804,14164.999999999998,14527.29048951049,7534.953916083917,24648.89643356643,14118.147412587414,11246.852657342655,10386.823006993009,8111.507500000001,4495.581048951049,4475.987482517484,4130.295524475525,7668.886713286715,13680.794055944054,4975.966223776223,5370.106293706294,7752.311748251749,1373.4304195804195,1290.9355944055944,2649.3231468531467,2276.4620979020974,1923.034265734265,5776.951958041957,5108.334125874126,9295.045174825174,1541.4223776223776,1878.117902097902,,77339.77643356644,,47372.02300699301,30.56984251968504,3974.562377622378,,7535.032587412588,21.29409523809524,26006.988601398603,15.608571428571429,1294.4752482269505,38.22345679012346,,18.565,3552.823216783217,66.39932330827068,10572.84951048951,4245.378671328672,1486.4786428571429,638.8553846153845,371.3076923076923,,7757.146223776225,3465.274965034965,52591.13202797202,15300.776993006995,238.5,2.605714285714285,27208.43762237762,798.6767132867133,12839.772867132868,17173.994685314687,498.3997902097902,4209.212237762238,12189.037972027973,31293.30622377623,12033.67895104895,53043.348741258735,3646.955664335665,855.7822727272727,50614.95846153847,819.4164583333333,7798.2834265734255,169.37912,2.29
18,21988.35622377622,63665.13951048951,16392.98048951049,26775.207202797203,22933.954965034965,5664.913076923078,33152.3472027972,32036.5820979021,18589.37125874126,16754.59986013986,21485.875734265734,3865.5369230769234,42342.91391608391,21977.352517482515,16067.656223776225,15289.54188811189,9246.560317460318,2783.2783916083918,8409.801958041957,5059.748251748252,15759.97895104895,36048.42272727272,8890.141748251748,16470.19223776224,10527.132447552449,2741.878811188812,1241.9954545454543,10271.007622377623,6178.887762237762,3424.756293706294,9269.177692307694,8893.55664335664,20971.56706293706,3873.937272727272,2283.0174125874123,,65312.47573426572,28.0,61637.68902097901,706.9873426573427,6802.007902097901,,5055.879510489511,21.186571428571423,25474.85846153846,20.176470588235293,10.0,10765.21965034965,937.8382352941176,7.205853658536586,2950.3684615384614,144.46068181818185,10265.07300699301,5011.655244755244,3844.2268531468526,992.1279720279722,163.88971962616824,,7935.269790209791,7599.357342657343,62042.98223776223,22229.816503496502,421.0,5.1875,22571.55223776224,373.2900000000001,12115.718601398605,15535.521398601402,1404.9475555555557,1749.712307692308,18423.94986013986,18481.394265734263,14124.482517482518,50079.62363636364,2113.300147058824,4880.242248062015,57668.25174825175,0.4813333333333334,5350.5004316546765,881.1508527131783,12.56
19,21504.02916083916,50841.07293706295,18414.22447552448,31365.54531468532,28759.223846153847,5948.962867132866,33882.92685314686,42613.66293706295,30645.018111888112,27622.45776223776,21997.2565034965,6403.788601398601,33957.896223776224,18478.81573426573,28023.60006993007,17137.07909090909,10440.354181818182,-5.2192307692307685,6727.757272727272,7112.32048951049,12343.916083916083,28089.81909090909,5768.380979020979,12986.697412587411,7878.5559440559455,2385.6690209790213,876.8764335664335,5822.995244755243,4690.908321678322,3067.292937062937,7693.104755244755,6206.423006993007,17472.371328671325,3434.0057342657337,1972.8468531468532,2733.671748251749,78019.81517482518,15.23111111111111,54198.52713286713,2876.399440559441,6430.056713286714,,5562.715664335665,12.22888888888889,20351.55664335664,23.70958333333333,249.288,5436.057412587413,941.968085106383,30.20454545454546,1653.0834965034965,91.63580152671756,13923.06153846154,5716.974475524476,3062.104895104895,715.4495804195805,532.9888111888112,,13792.077062937064,6318.644055944055,72434.48636363637,18657.597832167838,548.75,15.624615384615383,21683.665594405596,21870.027272727275,21678.774825174823,22816.835034965035,4239.971818181818,4915.799930069929,16986.922657342657,67545.40643356643,54692.79741258742,113720.21293706293,37087.93706293707,37643.78643356643,97240.50356643356,15860.814825174826,20370.26972027972,12884.229090909092,440.3748780487805
20,40545.473216783226,78251.24993006993,15490.971258741256,51456.37664335665,41647.78650349651,8210.745734265734,49394.699230769234,76445.06125874125,38243.62391608392,41826.46755244755,25925.433916083915,7786.979860139861,56580.50426573426,24275.736573426573,27048.00888111888,18464.403846153848,13170.095999999998,162.1589285714286,6992.89972027972,13457.564895104895,13931.855174825176,37655.158321678326,8309.914825174825,17515.605384615388,12804.132587412589,2710.6900699300704,954.6915384615386,8946.720769230767,6298.868321678321,3840.956153846154,13728.18034965035,9485.906363636364,22106.9865034965,5834.606923076924,3393.552517482517,4006.3881118881104,110205.2162937063,,86518.83748251748,6177.195384615384,8970.767272727273,,8003.207552447552,16.24829268292683,33583.8986013986,-12.619333333333332,1496.297769230769,21402.477272727272,3301.240209790209,14.652727272727274,3264.0651048951054,221.91347517730495,19815.983146853145,5396.582097902098,4185.081619718309,1681.0553846153848,586.6734265734266,,17437.547622377624,8415.035384615385,91989.86321678324,22289.123076923075,350.0822222222222,9.666666666666666,38597.25923076923,39870.76741258741,32958.593006993004,30421.473846153844,5624.9494405594405,4993.7762937062935,44301.724265734265,95858.58734265737,78493.19013986015,164633.74153846153,52818.583706293706,63148.33496503496,150613.95538461537,15.266875,25836.06223776224,19284.377342657343,796.1538636363638
21,14950.049230769231,47780.59916083916,14607.126923076925,19354.72804195805,16090.874545454542,3988.6562937062936,24456.825664335665,18238.05979020979,16387.963636363635,14695.978881118885,13006.376783216783,2793.6141258741254,28373.730909090908,15897.316083916085,6308.213146853147,7181.9376923076925,7233.38048076923,2032.323986013986,5405.155244755244,3153.5005594405598,8436.536923076921,36872.78671328671,8738.996643356644,18281.0193006993,10623.598811188813,1647.096923076923,731.4383916083915,5102.697692307693,4638.772587412587,3884.023076923077,7116.295244755246,8190.056013986013,19044.877902097905,2690.18951048951,2079.540839160839,,40298.334055944055,,39586.80993006993,2570.5965734265737,4886.625524475524,,4255.0406993007,11.968,19187.062937062936,22.472105263157896,0.0,10646.975664335663,10.0,2.02,2755.2416083916087,127.3198550724638,8286.2813986014,1511.944895104895,1319.0004918032787,703.7859440559439,205.7699248120301,,5126.37083916084,5845.902027972028,42966.00622377622,11570.64104895105,326.0,12.0,22626.552727272727,33.692235294117644,5249.491608391609,15120.754615384616,200.0422377622378,1441.9146153846152,7308.057692307692,10983.59874125874,6735.454125874126,21915.114965034965,663.384125874126,537.6633333333334,40379.295174825165,2.0,3260.4046853146856,111.68067226890756,29.88
22,21493.27111888112,53361.85188811189,13150.97951048951,32104.132377622376,23187.335104895104,5236.811328671329,29068.621608391608,37236.347692307696,23452.90888111888,19438.354265734262,14951.826783216784,3710.651538461538,37381.40083916085,17203.417902097903,19672.92153846154,14551.985174825177,10156.836910569104,939.8711904761908,6672.666013986014,5386.000839160838,11814.32090909091,29973.003496503497,8391.796223776222,9725.432727272726,8375.324475524474,2042.667622377622,894.0106993006993,7864.64027972028,4983.480979020979,2947.23055944056,6281.17097902098,7419.500349650349,21841.05867132867,4243.829300699301,2380.8366433566434,,70038.71790209791,,54340.60573426574,1299.6132167832168,7634.136363636362,,5073.863356643356,28.775308641975304,22168.48993006993,19.26,3.6544444444444446,8.783249999999999,,33.348846153846154,1626.9510489510487,82.5375,10854.8806993007,4899.722127659575,3042.5840845070425,852.3132167832167,409.9972027972028,,12021.640489510488,5264.149580419579,66645.66902097901,18629.509860139857,246.0,8.166666666666666,16913.783146853144,1447.0423076923075,12368.9093006993,18085.21013986014,1535.118181818182,2936.096083916084,14335.824825174825,21413.411608391605,21405.25062937063,51603.339090909096,2531.6639860139862,857.190894308943,57868.57111888112,6.243,4582.594755244755,177.56057553956836,27.15
23,33186.46055944056,70522.58013986015,19912.56475524475,27324.303076923075,36895.86902097902,7393.49965034965,43624.06741258741,36710.240909090906,50178.36174825175,31155.170559440565,31371.20517482517,5611.221608391608,37969.25566433567,33355.68125874126,23404.8686013986,27120.621608391604,11716.354180327871,1641.9193006993005,11766.4172027972,9004.245804195803,22195.44020979021,47301.98398601398,10698.334125874126,16160.49174825175,12961.146713286713,3260.97013986014,1043.950699300699,11110.549650349649,8216.539020979022,4749.540629370628,11303.89048951049,11289.378881118882,26048.926433566437,5237.248391608391,3722.62111888112,,43869.15671328671,,62100.26657342657,2056.521468531468,11755.600489510489,,8527.952587412587,40.03313043478261,36354.623006993,-45.958333333333336,119.31533333333331,25204.69153846153,6875.752447552447,33.64857142857143,3080.011328671329,238.3979720279721,15810.81125874126,8809.95839160839,2402.012877697842,1413.6786713286713,113.02197802197804,,14421.24398601399,12109.695454545456,76844.02272727272,37033.35671328672,498.0,4.777777777777778,31002.880349650357,970.6767424242424,8803.582377622379,22905.974755244755,976.5041134751772,5104.391188811189,31811.61237762237,20814.99216783217,19604.86769230769,59604.57461538463,2111.610780141844,374.89880434782594,54199.08832167832,13168.146713286716,6149.684755244754,100.58508333333334,29.88
24,18859.02335664336,40797.1693006993,11825.58902097902,29245.357552447556,29178.05881118881,4911.185804195805,28788.32944055944,49171.84174825174,23246.74832167832,27175.08923076923,17088.58657342657,4230.501818181819,29558.63825174825,17265.87181818182,20444.66818181818,13903.56881118881,6965.92748031496,82.64090909090909,5825.841188811189,6153.428251748252,12189.695244755245,28485.677482517483,6015.021328671329,11885.935804195806,8280.752797202798,1950.7345454545457,679.7056643356643,5705.871748251748,4308.367342657343,2530.608951048951,6998.907342657342,6394.55,16351.961328671328,3081.7272727272725,1940.5183916083915,3036.4712587412587,58689.380139860135,,45267.23832167832,1579.1774825174823,5946.428041958041,,4817.372237762238,21.124259259259265,15930.056083916084,-26.92142857142857,,5294.918741258742,1277.1853146853148,8.75095238095238,1501.941958041958,82.28242647058823,15937.714545454544,4810.956363636364,2454.434347826087,610.2632867132868,102.96576576576577,,11250.376783216783,5011.297482517482,58377.36454545455,14541.123356643358,225.83333333333331,3.888888888888889,22440.39391608392,28479.774055944057,24627.877552447557,19401.593286713287,4287.338321678322,1759.8832167832168,25763.40006993007,72650.44286713286,52435.49825174825,121882.07391608391,37876.83685314685,51850.04510489511,93927.9920979021,13623.074615384616,18597.824125874125,9878.97013986014,413.7742105263159
25,20145.897482517485,36871.31055944056,11788.13097902098,20351.45545454545,12422.996433566432,3760.045034965036,17971.439580419577,29858.35363636364,14636.11363636364,20202.701468531464,11245.617272727271,3191.8937062937066,25436.934335664333,11277.145314685316,16102.888601398598,10380.811888111888,6647.172959999999,11.605263157894736,3904.717972027971,5208.073776223777,6499.126083916084,16186.003986013984,3011.05986013986,7118.890769230769,3887.950489510489,1207.2980419580422,597.4613286713287,3583.101048951049,2329.320419580419,1655.9171328671323,3963.2409090909086,2926.2163636363634,11331.33097902098,2277.4833566433567,1319.5865034965034,2981.9911888111887,44627.650279720285,,42220.73426573427,3302.998111888112,5350.67923076923,,3972.5792307692313,17.384482758620692,18687.70825174825,26.81117647058824,-21.76,11311.776433566432,2204.3846153846152,6.970769230769231,1499.620629370629,47.6629906542056,7071.007272727273,4359.542517482518,709.6521739130435,553.0703496503496,189.77,,8719.053636363637,3184.024895104896,38884.31489510489,11868.813286713286,477.0,5.5,8545.165524475524,328.2420143884893,8061.941398601398,10742.5686013986,290.7848951048951,3403.2127972027965,6456.661048951049,11932.596503496505,7767.272097902099,38854.4606993007,777.7474825174825,2607.109754098361,43991.14769230769,-1.27,2706.6282517482514,665.9197794117647,
26,19402.762937062937,27398.03097902098,7357.400769230768,24498.113846153847,17589.53258741259,4656.670489510489,16287.65853146853,28694.95090909091,16556.330769230768,10172.815734265736,12809.284615384617,4525.693636363637,21155.7027972028,10843.47888111888,12557.320349650348,7816.898601398601,3583.714491525423,1283.2493706293706,3474.472237762237,5651.439580419579,6069.362727272726,13208.49923076923,2697.7972727272727,6370.333426573427,3502.9066433566427,961.8448951048952,374.1884615384615,3216.4793706293704,2387.515944055944,1269.0199300699298,4162.972657342658,3076.487272727273,7963.855174825175,1954.9786013986013,1027.9153846153845,,103498.20349650351,,37448.6720979021,1388.559230769231,2778.091258741258,,3806.1772027972033,28.551304347826093,9771.878461538465,69.0188888888889,611.3725490196078,3383.052727272728,566.1,24.17212121212121,1697.1446853146854,53.90078125,8998.729790209789,3909.698811188811,,259.718041958042,102.2422222222222,,6660.914125874126,2831.2795104895104,42909.5986013986,8579.792797202796,348.75,10.435,12253.60223776224,19365.780349650347,19192.056433566428,13917.993146853149,2883.0041258741257,1871.3519580419577,19821.437622377623,57016.589230769234,39434.28125874126,84988.31181818181,25615.331468531476,42544.20202797202,70236.82762237762,18596.331888111887,14830.084825174825,8025.948601398601,221.95027777777776
27,30437.976223776222,79001.04916083917,20226.734615384616,43596.93391608392,28059.03825174825,7730.729090909091,43272.914965034965,42181.46958041958,29315.69713286713,36757.327412587416,20785.579090909087,3911.993986013987,52941.78727272727,28918.60286713287,24741.91251748252,18713.578041958044,11320.96109489051,790.6855244755245,11159.393076923076,6867.747972027972,17859.665454545455,37222.15720279721,9648.69916083916,12774.555874125876,12383.764265734266,2114.502377622377,963.91013986014,7801.956713286713,5028.22104895105,3562.270839160839,8397.365314685316,9801.541748251748,18926.59797202797,3579.2062937062938,2536.471328671329,2566.7814685314684,39725.39776223776,1.98,70061.09125874125,2278.3518181818185,10201.29825174825,,4936.005804195803,43.34461538461539,38260.78461538462,5.826086956521739,,10716.222657342658,2752.7814685314684,5.892307692307693,2255.905034965035,95.30355072463767,14255.32020979021,5568.83090909091,1538.5384615384614,1200.5969930069932,101.84351145038168,,12280.209230769233,10846.354265734266,68527.76594405594,27537.11125874126,189.07777777777775,6.75,36864.10958041958,26832.988111888117,29560.68664335664,26075.51636363637,9225.643426573426,4228.461818181819,16603.7513986014,96374.53657342658,66687.09657342659,146518.14139860138,54910.69377622377,69638.93041958041,119519.41090909088,20806.99090909091,21268.80573426573,11524.137832167831,562.98
28,20180.453986013985,57751.27433566434,12562.223286713286,27980.817202797203,28221.61839160839,5016.258671328671,29228.44692307692,33375.57552447552,17930.71006993007,21083.404825174825,13539.147762237764,3441.027832167832,38297.38657342658,16522.44356643357,7550.626363636363,9821.526153846156,8402.612456140352,1805.8952447552444,5695.885314685314,5153.508391608391,10210.134825174826,31939.141398601405,8328.875804195806,15434.385944055944,10936.965314685314,1525.0202797202796,561.6884615384615,5349.592517482517,3909.74041958042,2583.945034965035,8619.192307692309,8378.118391608392,17685.60230769231,2675.1846153846154,1802.246013986014,1981.053356643357,49179.48552447552,,46197.60370629371,1384.858111888112,6342.158671328671,0.75,4490.995384615384,26.117812500000003,20424.31853146853,84.146,,13234.785524475525,,2.364444444444444,2645.526923076923,96.11713178294576,10960.007552447552,727.5941549295775,4806.917132867132,835.3004195804197,665.5579720279721,,6407.026363636363,6836.11006993007,55202.6790909091,13054.22846153846,463.0,10.080000000000002,43467.7248951049,18546.61097902098,22125.11265734266,19119.62965034965,6364.809090909091,1432.971048951049,12536.787202797204,65285.9520979021,57575.60111888112,98486.96034965036,47923.50867132867,36164.36461538462,96322.11384615384,26288.95573426574,23828.86132867133,10673.133076923075,316.6056097560976
29,15504.69958041958,25181.66272727273,7995.9558041958035,14326.216223776224,12931.821258741256,3289.8849650349644,16854.082237762235,20680.465944055944,11370.866363636362,9400.183076923078,8232.700279720277,2237.276993006993,17953.00755244755,9601.125244755243,7115.321048951048,8000.553216783216,3539.801607142857,36.90816091954023,3925.716013986014,3755.090209790211,6408.913776223777,19722.25363636363,4440.371538461538,6452.345664335664,4071.857692307693,1406.5686713286711,651.7749650349651,4577.955804195804,3032.9025174825174,1974.2572027972024,4196.283846153846,4058.077972027972,11029.653986013987,2413.3462937062936,1125.371958041958,,42484.14937062937,,28640.312377622377,909.9382517482518,3763.4506993007008,0.9166666666666666,1984.0671328671328,31.89714285714286,12095.779510489512,15.978333333333332,8.982,43.50333333333334,,20.11087719298245,959.3714685314684,42.18645454545455,5803.394405594407,3089.9138461538464,1150.6548,329.1700699300699,274.65818181818184,,6207.304475524475,2852.8939860139863,34201.58104895105,8432.304335664336,220.0,0.3333333333333333,8221.684125874124,30.234384615384613,5291.476643356644,9307.916573426572,758.9465734265733,1802.4125174825176,9095.476643356642,10950.327972027972,4691.213216783217,25166.714265734263,1190.8820979020977,263.0830120481928,30980.3955944056,11.8,2131.6767832167834,139.67797101449273,29.88
30,9788.376643356642,12974.464475524475,739.9818881118881,13216.100909090908,405.5659440559441,27.30393700787402,379.7719580419581,11733.993776223777,76.84535211267607,196.11692307692311,835.3027272727272,72.02370629370628,11386.088111888112,975.0402797202798,1681.6684615384615,153.2778333333333,424.1154651162792,2.38,46.31785714285714,1572.905944055944,56.5225,17.175869565217393,9.06875,43.54764285714285,7.1197297297297295,10.064,89.65293706293706,8.615,,67.092109375,38.039180327868856,7.25,3.677777777777778,,,,61266.48958041957,,23431.05846153846,49.76829268292683,64.55517482517482,,5.858823529411764,,6429.953986013987,,,7.317222222222223,,,19.153380281690147,,18.61777777777778,92.23709677419356,,91.6781818181818,696.2503496503496,,1452.3444055944055,,66.88640845070424,274.10545454545456,,,5857.313916083916,6619.199370629371,11365.22874125874,4564.526643356644,1803.6416083916083,77.29737588652482,321.3325874125874,34622.98622377622,31576.583986013982,53256.0413986014,22409.698391608392,24522.62258741259,45456.50832167832,19163.112027972027,13172.531118881116,3207.034685314685,-0.641818181818182
31,17356.652447552446,58512.13153846154,10616.675944055944,34848.89923076923,18715.63076923077,3489.8094405594406,21012.43853146853,25277.97671328672,10815.516713286714,19911.584405594407,11583.676153846154,2800.221958041958,42661.32062937063,17550.170000000002,8361.894755244755,8043.448671328671,5800.120799999999,41.5465034965035,6430.436713286714,4636.288601398602,8635.451888111887,20767.686923076923,4491.356923076924,9346.158391608393,7158.594545454545,1211.6436363636365,605.2558741258742,4374.8726573426575,3127.922797202797,2309.8772027972022,6118.76006993007,4924.68944055944,14279.747272727274,1900.8715384615384,1459.9595104895104,3032.6483216783217,80572.5283916084,,56982.26629370629,1334.4918881118883,5371.462377622377,,2291.057062937063,10.52121212121212,25648.204755244755,-20.261333333333333,,8670.792657342656,,17.722641509433963,725.6053846153847,84.19015267175574,7946.053216783216,1747.5075524475526,3305.775734265734,524.495034965035,252.9212121212121,,6633.951258741259,5743.170909090909,45999.66146853147,15344.295734265734,192.33333333333331,0.8742857142857142,36201.93860139861,19019.9479020979,25303.361888111893,18063.452097902093,8511.813076923077,1305.1941958041955,8460.688251748254,86167.26580419582,70232.13356643355,127010.1186013986,57876.20566433566,68732.14181818183,106696.01923076923,30335.294265734265,31144.97811188811,10101.886713286713,218.74220338983048
32,22852.639510489516,50323.49734265735,15472.54013986014,28137.15496503497,20748.37188811189,4589.748391608393,25375.036993006997,24681.349580419577,20739.684685314685,22887.25748251748,14865.00391608392,3193.5365734265733,30027.923986013982,15590.27573426574,14786.892027972031,11409.636993006996,7540.921694915255,1642.6246853146854,5057.866713286714,5054.996643356643,8995.943916083916,18601.97454545455,4089.416923076924,7758.946153846153,5855.90048951049,1261.8755244755246,659.9951748251748,3253.8888811188813,2364.7805594405595,2156.684545454545,5196.571118881118,3830.254825174825,11422.796993006994,2141.696153846154,1461.0634265734266,2951.5606993006995,61116.86783216783,,58275.67286713286,2817.8293706293703,6578.807622377623,,4266.812097902097,16.967848101265822,26530.454825174827,-5.25,4.351111111111111,4663.605594405595,,26.955774647887324,2512.983426573426,80.4275939849624,9195.223496503497,5524.586223776224,2006.4406293706293,656.273916083916,800.0993006993007,,9503.09776223776,5067.614965034965,44351.628951048944,14739.222167832168,447.5,2.112,15463.952797202795,16749.993776223775,17124.83811188811,18208.699930069928,3742.8377622377625,2272.82,6909.307202797204,61639.637132867145,48368.75615384615,100122.92902097903,30732.22692307692,48650.040979020974,84695.2341958042,2308.4118181818185,17160.31,7939.262377622378,379.14725
33,2379.086573426573,7471.4251048951055,283.95013986013987,6107.616013986015,112.72830985915492,11.99653846153846,392.9128671328671,3679.7921678321673,42.78834782608696,80.30118881118881,170.11244755244758,21.05396946564885,6931.686503496504,1018.8675524475524,323.6283916083916,297.0311888111888,308.9543209876543,,52.82601449275362,200.84531468531463,35.14811594202898,5.342857142857143,23.9675,34.63395833333333,134.93986013986014,1.0,,,,40.06969696969697,28.796969696969697,20.1915,4.351999999999999,19.0,45.0,,13539.820000000002,,6243.193916083916,43.04032258064516,55.75223076923078,,3.250454545454545,,1953.485804195804,,,8.0,,,17.41197674418605,,32.76229508196721,123.40307692307694,,24.498620689655173,107.26573426573428,,645.4054545454546,5.0,10.453333333333331,363.3018181818181,,,10952.508111888112,8293.086923076922,8913.666083916085,3134.103006993007,2565.923076923077,,332.94415492957745,24899.923146853147,9862.862867132868,34227.66286713286,25648.054265734263,29002.624475524477,27022.94916083916,9371.822167832168,5375.76951048951,7340.692167832168,0.022
34,19947.57307692308,34916.22587412587,8377.376433566431,19791.50902097902,21633.90055944056,3419.062027972028,18055.49160839161,27165.013146853147,17224.253496503497,16957.163566433566,15681.386993006996,5312.239300699302,23518.43986013986,10049.68846153846,16687.23496503496,6743.74986013986,5104.287723577237,29.990740740740748,2977.826013986014,4441.242587412587,6152.821678321679,13611.645524475523,3032.286713286713,5790.009160839159,4476.318181818182,731.1102097902098,273.5554545454545,2146.34055944056,1903.1337762237763,959.7367832167832,5010.56972027972,3464.0448251748253,8064.623916083918,1693.4543356643355,883.7164335664334,2221.7174125874126,48819.291818181824,,38458.90993006992,407.4926760563381,4210.795594405595,,3303.2736363636363,15.973400000000002,17203.738181818182,-78.91916666666667,1219.9942063492065,3965.9407692307695,,27.20338235294118,1243.2427972027972,58.33669642857142,10208.866923076925,3916.4426573426576,1879.2317391304348,501.387062937063,68.41037735849056,45441.70622377622,6732.085734265733,2360.7175524475524,36636.55307692307,7516.448181818182,477.0,3.0,14997.882307692307,11687.922447552448,15840.57958041958,15730.698601398604,2838.0239860139864,1882.830489510489,6067.45062937063,44338.93678321679,34018.10223776224,67782.5209090909,29590.11132867133,37428.09692307692,69245.18797202797,19154.21230769231,17570.57748251748,7775.998181818183,347.1443243243244
35,17082.647902097902,45578.45622377622,14308.3827972028,19495.63111888112,24858.43370629371,7256.417132867132,30267.58979020979,18416.40167832168,15657.032937062935,14818.443706293709,17897.421888111887,2124.0731468531467,33504.49811188811,28741.28167832168,7441.906363636364,17153.866503496505,6476.61375,-9.788,11896.8086013986,3823.951888111888,21541.95293706293,40062.51734265735,11090.52055944056,14760.109650349652,13033.82020979021,1618.0561538461536,740.8525874125874,8768.50062937063,6063.604825174825,4629.956783216782,7872.417272727273,10770.603986013986,25881.453216783226,3282.671048951049,3780.4962937062937,,35790.490559440565,,36092.42818181818,2074.757762237762,8072.815594405593,,1809.1567832167832,4.365,16286.060069930068,-99.08833333333334,,0.5175438596491229,,22.831294117647055,1616.18006993007,198.64948529411765,11675.244965034964,834.1141911764706,2744.160714285714,830.7785294117648,93.4167832167832,,5412.058741258741,12648.171538461536,88331.80888111888,21901.520489510487,99.096,12.6,25282.46146853147,51.00694029850745,7423.777482517482,11032.78783216783,2497.1968531468533,2012.566293706294,11760.22839160839,12960.45020979021,7919.08013986014,33776.032027972025,1528.4514685314684,200.27043478260867,43286.536993006994,10.788333333333334,3738.292517482518,68.28483050847458,
36,2239.227412587413,13416.025664335664,381.32426573426574,9873.505104895105,314.75398230088496,26.291578947368414,414.42832167832165,3417.64041958042,102.2117391304348,175.05230769230772,281.67478873239435,35.497984496124026,12176.395314685316,1799.510979020979,624.4677622377623,476.2758041958042,272.5622471910112,,64.1663120567376,240.62895104895105,39.17052631578948,10.945555555555558,14.606,19.733125,180.6025174825175,,,4.0,,74.10279069767442,15.09375,-3.1566666666666667,8.424,,-30.0,,18169.855524475523,,10541.569860139858,60.63636363636363,92.58469230769232,,4.32375,,2464.3211188811183,,,5.0,,,5.280571428571428,,128.96190476190478,202.85769230769228,,28.774666666666665,162.31748251748252,,675.9437062937063,-29.0,-27.64636363636363,602.5002797202798,,,17498.489090909094,20561.60195804196,12266.726013986014,4846.001818181819,3425.0583216783216,59.42,280.25235294117647,35474.19195804196,11097.875874125875,44539.56447552447,26103.315664335667,47372.15111888111,39735.688741258746,15683.341818181818,6469.273636363637,9009.943776223776,0.02
37,11024.235874125874,16511.44622377622,1297.8620279720278,17614.013636363637,1137.6311888111888,46.31362962962963,824.9783916083917,16151.397902097904,151.2338028169014,387.6446853146853,1747.1831468531468,182.04825174825177,16734.088111888115,1416.2204895104894,2215.6324475524475,324.24391608391613,580.277380952381,,64.42042253521127,1915.6254545454549,85.16483870967743,42.991264367816086,6.342222222222222,67.3448951048951,10.471666666666668,23.26879518072289,139.9154545454545,,,123.62323943661973,103.30333333333334,4.885555555555555,,,,,69388.85447552448,,27125.879790209787,5.666666666666667,114.22034965034966,,4.442352941176471,,8520.157202797203,,,18.46977777777778,,,32.24650349650349,,6.268888888888889,352.6708620689655,,142.40146853146854,755.8867132867132,,2402.826993006993,26.5,213.4532167832168,681.2673426573427,,,7642.5006993007,10629.770489510487,10698.796713286712,5569.438321678323,2329.613846153846,127.90496503496504,1020.0672027972028,44144.42811188811,30870.677062937066,59440.577132867125,21599.85104895105,33656.64811188811,51410.55111888112,20375.38076923077,13960.7013986014,5286.761118881119,15.0
38,6923.538531468533,10986.172657342657,498.7002097902098,10669.501328671327,397.4183216783217,37.01485507246376,413.53902097902096,9485.399440559442,77.52034965034964,365.3648951048952,752.8816783216785,63.5837062937063,10033.864755244756,997.0984615384616,849.87993006993,424.55958041958047,359.1984615384615,,54.37755813953488,1054.039160839161,54.12916666666666,37.848679245283016,8.803870967741938,52.63069930069929,7.574528301886794,12.047999999999998,91.476993006993,14.739166666666668,,31.459915966386557,42.52646153846153,6.54875,12.672857142857142,7.0,,,54955.78433566434,,16473.388041958042,,99.81503496503495,,6.146851851851854,,4948.939370629371,,,10.118,,,21.39958041958042,,9.4125,111.74217391304347,,67.256,395.91188811188806,,791.9227972027971,,170.9822377622378,393.0662937062937,,,8630.962167832167,11158.941398601395,10260.8306993007,5551.165244755245,2392.0420979020982,80.16135714285714,582.2507692307694,34765.576783216784,25404.86041958042,45314.43482517482,18868.91909090909,21331.41125874126,41793.64902097903,11981.676643356644,9902.368181818185,4783.086713286713,25.0
39,21925.021188811188,67338.42937062937,20569.70160839161,44807.51510489511,24043.436783216785,4911.540419580419,40020.49286713287,36130.64160839161,19396.117692307693,14919.373916083914,20428.262307692305,4621.15986013986,54991.42342657343,21125.77832167832,26691.76916083916,11699.53895104895,11333.330583941606,-3.2381818181818187,7874.601678321678,7177.074685314686,13013.56013986014,18550.752517482517,6470.795384615384,7243.153006993008,9406.726783216784,1424.361118881119,622.2608391608392,5678.498111888111,3799.6882517482513,2337.074335664336,5976.223006993007,6923.695454545455,16354.447272727271,2057.284055944056,2032.1955944055944,,43195.57832167832,,59145.96244755244,1321.4991608391608,3576.484475524476,,4434.812167832167,18.43867647058824,34122.182237762245,2.3600000000000003,,7623.418041958042,,16.196056338028168,1901.061958041958,94.6592537313433,11598.1986013986,3781.564195804195,2479.951258741259,722.352097902098,405.140243902439,,11633.406573426571,6469.893286713286,54929.07853146853,22014.285244755243,135.964,12.0,39430.359160839165,11972.877062937065,19245.249650349648,22436.572727272727,5738.832517482518,1710.142027972028,6762.436993006992,78649.53468531469,60386.28601398601,110126.2095804196,39684.51,59830.190279720286,103036.75713286712,27089.158601398594,23993.40685314685,9767.295734265734,334.869756097561
40,18794.578811188807,26702.70517482517,6489.030349650349,24386.75055944056,17689.671678321676,4003.068601398602,18898.214335664336,33971.53223776224,19065.43629370629,19612.629300699304,12807.144685314684,4403.534615384615,21550.356923076924,12348.4713986014,13322.372027972026,7652.32076923077,4509.372118644069,-5.0,3526.321958041958,6585.782937062937,6454.651608391608,14064.668461538462,2954.521818181818,6704.410349650349,4318.451328671329,1006.6530769230768,324.2345454545454,3270.596853146853,2635.7896503496504,1319.277062937063,4532.5034965034965,3106.724125874126,7590.31951048951,2060.2260139860146,828.5864335664336,1957.9645454545453,36229.2758041958,,33370.94531468531,280.9078321678321,4607.1327972027975,,3247.999230769231,18.241607142857145,9412.404195804196,-17.25428571428571,752.3924409448819,43.962112676056336,,22.127254901960782,942.737972027972,96.27293233082706,9000.25874125874,3787.050769230769,3107.429906542056,274.0524475524476,122.5853846153846,,7014.410000000001,2330.9555244755247,39443.06258741259,9822.268181818185,363.0,7.5,13128.156153846154,16461.212797202792,19893.8586013986,13581.162027972028,3370.2325174825173,1981.2397902097905,20070.128951048955,61258.20286713285,43256.15685314685,96475.75328671328,27532.751188811188,38210.90069930071,66572.88125874127,15309.077972027975,17131.033496503496,8178.3710489510495,167.37416666666667
41,23205.25993006993,48349.82895104895,17021.833356643358,30538.57489510489,25513.943776223776,5267.832097902098,33711.10573426574,33729.08167832168,32743.47013986015,15194.223706293707,13605.678461538462,4273.264965034965,32562.995804195805,17161.987552447554,18588.11377622377,12054.236363636364,9113.079449541285,1163.5053086419755,5546.318881118881,5066.603636363636,10331.84132867133,18920.3113986014,5172.027342657342,7374.3093006993,6488.948461538461,1373.2449650349652,463.2713286713288,4197.4610489510505,2790.0158041958043,2066.554965034965,5361.930909090908,5735.627762237762,12943.632587412589,2225.1032167832163,1617.6190909090908,3.0,46406.42657342657,,54458.21951048953,1938.8081818181815,5091.6249650349655,,4615.455524475524,24.919411764705885,28213.11783216783,20.863478260869567,1307.9081395348835,5887.886853146853,,16.185526315789474,1964.3818881118884,68.28355555555555,10052.520769230769,7643.873566433566,5249.282867132867,795.3574125874127,455.3272727272727,,9756.677342657344,5300.854055944055,54877.30244755245,18638.237902097902,231.5,9.0,21840.979510489506,17436.274825174823,19958.04748251748,18788.87629370629,3879.168741258742,2272.1134265734263,10042.527762237762,70852.02181818182,52714.92846153848,115827.66405594409,35415.34,47218.52916083916,88666.46839160839,2883.492237762238,19789.219230769228,9371.531608391608,443.736511627907
42,10375.14839160839,15976.902447552446,814.4511888111888,14885.264755244754,1052.2967832167833,3.333333333333333,721.9138461538462,18238.5841958042,135.52405594405593,404.5960139860141,939.838041958042,87.76727272727271,15069.359930069928,1501.0133566433565,1102.6718181818185,518.8323076923077,385.7679047619048,,63.39813559322034,1262.8542657342657,111.9925,44.536588235294126,10.955,75.98069930069931,1.245714285714285,31.292804878048777,57.608461538461526,,,56.04921875,40.77163120567376,9.5,11.97,,,,38834.04342657343,,19788.36853146853,-8.0,172.77727272727273,,2.3732,,6050.0363636363645,,,33.411842105263155,,,33.125734265734266,,-7.326666666666667,179.7541791044776,,88.98622377622378,335.43356643356645,,1236.3556643356642,-58.445,-43.21178571428572,267.0380434782609,,,13686.231608391608,15307.678321678322,15918.6665034965,7409.55944055944,3708.9916783216777,62.7357857142857,960.774366197183,53384.897902097895,42913.22125874127,83497.77867132868,32852.63230769231,35724.61209790209,61205.27230769231,15183.474195804192,17495.198811188817,6540.721258741259,
43,7549.10902097902,20722.851468531477,999.6488811188811,18227.38216783217,575.4173255813954,37.84324561403509,516.7728671328671,13185.21167832168,147.69419580419583,507.42671328671344,584.8316083916085,89.1360839160839,17852.915174825175,1664.0229370629372,2654.8026573426573,623.7377622377622,704.6505208333333,,44.11434782608696,1563.5130069930071,70.41117647058823,25.812608695652177,2.2350000000000003,71.82223776223778,4.463333333333334,12.443076923076925,87.09525423728812,,,27.58725490196078,20.47672413793104,2.5,,,,,57623.8848951049,,18156.53566433566,,184.14328671328676,,5.314736842105263,,7426.636363636364,,,17.3375,,,40.221408450704224,,-11.88,160.3861,,126.47605769230768,481.2064,,1238.2937062937062,6.920000000000002,84.38467625899281,650.8860839160839,,,13525.426223776223,17045.276783216785,19464.72300699301,8264.136573426573,4952.252167832168,83.49583333333335,79.42424,63668.8955944056,34808.442167832174,83646.16090909089,36196.69321678321,50769.70832167832,72883.22328671328,25058.36937062937,19349.98993006993,9594.86748251748,26.25
44,8049.992307692307,9377.273006993008,571.0167132867133,7403.959580419581,960.6704895104896,34.64872180451127,531.034895104895,4963.966223776223,99.81727272727272,153.79265734265735,608.4946853146853,77.13902097902098,7300.262447552447,730.3114685314686,846.4336363636364,330.388041958042,430.2572527472527,,31.55971428571428,770.1832867132867,63.158181818181816,19.31824742268041,14.097391304347834,34.19188811188812,120.53312499999998,12.55546875,72.64286713286712,,,12.395555555555555,33.57446969696969,9.03,-9.88,,,,45778.574685314685,,15146.968111888107,,52.42251851851852,,4.743,,5871.248181818181,,,5.416666666666667,,,25.69846153846154,,4.174666666666667,589.0967272727273,,92.99575999999998,370.7608391608392,,1117.7375524475522,-41.28333333333333,102.72020979020978,430.9837062937063,,,4496.693286713286,5023.550909090909,7472.975944055945,3882.9426573426576,952.0126573426572,132.4263043478261,218.2209090909091,31182.60181818181,18169.51006993007,39619.56328671328,11029.915734265734,23812.046993007,31100.18517482518,2834.1395804195804,6636.467412587413,3466.077062937063,3.505
45,17745.91601398601,35800.912447552444,9508.014965034963,24229.873146853148,16107.06307692308,3554.2226573426574,23757.77153846154,34050.40958041958,15485.885804195805,14245.086993006991,14228.378671328668,3620.284615384616,27243.504615384616,12476.37160839161,16600.54048951049,10523.12839160839,6340.19569105691,1370.0726573426575,5109.0630769230775,4061.309580419581,8324.06076923077,22916.690979020976,5463.712867132867,8409.669300699301,7258.836223776223,1328.1967832167834,646.8414685314686,4753.0786713286725,3021.6896503496505,2654.7044055944057,4863.574825174825,5181.216783216783,14224.687272727271,2647.283846153846,1732.512937062937,,53242.55552447553,,39205.858601398606,2671.4202097902094,4447.306363636364,,2596.319440559441,15.093600000000002,14638.547692307697,-88.42,,44.7056923076923,,4.750909090909091,1466.2651748251749,52.11369369369369,6085.695874125874,3632.14986013986,1735.1068345323745,600.7863636363636,177.0153846153846,,6801.026643356644,4396.411328671328,37466.30839160839,10710.12111888112,190.745,11.0,15245.023146853153,558.6343846153846,14653.096013986014,13430.491398601398,824.5827972027972,2001.3830769230767,6307.075874125874,23674.035244755247,16641.92734265734,48125.89776223777,2728.6271328671323,3690.2720895522384,52896.16664335664,2.97,6466.961888111889,561.2390370370371,
